0,"#Australia: #SouthAustralia's #Tesla big #battery providing cheaper, clean #electricity faster, to stabilise the gr‚Ä¶ https://t.co/ab13DuxCYh",1,0,2020-03-21 23:59:56
1,RT @myspacetom: @elonmusk Glad you're doing this @elonmusk !   I wonder if Tesla factories/workers could also aid in test kit production an‚Ä¶,34,0,2020-03-21 23:59:48
2,RT @Medtronic: Addressing #COVID19 is a group effort. We are grateful for the discussion with @ElonMusk and @Tesla as we work across indust‚Ä¶,3172,0,2020-03-21 23:59:47
3,"Stocks making the biggest moves after hours: Crowdstrike, Ollie's Bargain Outlet, #Tesla and more‚Ä¶ https://t.co/622lZh6O0z",0,0,2020-03-21 23:59:41
4,"@TeslaTested @marc_benton @on_tesla I shared this a few days ago ‚Äî don‚Äôt assume this isn‚Äôt dangerous for young, hea‚Ä¶ https://t.co/xJDjqdVfIJ",0,4,2020-03-21 23:59:34
5,@Stevebility @JCOviedo6 @elonmusk It will probably be a Yamaha ventilator rebadged with a Tesla logo.,0,4,2020-03-21 23:59:33
6,"RT @mdg______: You can use my referral link to get 1,000 free Supercharger miles on a new Tesla: https://t.co/nxN60OApiL",1,0,2020-03-21 23:59:32
7,"@meester_gomez @jeffskoll Tesla isn't pivoting to anything, this is all hands helping society in need stuff. But pe‚Ä¶ https://t.co/Ar2WovtnUx",1,8,2020-03-21 23:59:31
8,"RT @NorbertElekes: NEW: Tesla and SpaceX will distribute 250,000 masks to hospitals in need.",307,0,2020-03-21 23:59:30
9,"@teslanalyst Tesla is not complete idol, it is building, modifying upgrading and improving the production lines now‚Ä¶ https://t.co/O8jjl2fONn",0,1,2020-03-21 23:59:30
10,@neontaster Saw a Tesla the other day with the license plate TYELON.  Thank you Elon. Seriously????  He‚Äôs a strange false god to worship,0,0,2020-03-21 23:59:21
11,"RT @TiffanyLeeAuth: @EyesOnQ Tesla technologies, constitutional law. Those two alone will be amazing. üá∫üá∏üá∫üá∏üá∫üá∏",6,0,2020-03-21 23:59:21
12,RT @GeoffMartha: Thanks to @Tesla for their interest &amp; discussion on vents. Medtronic is mobilizing to bring more vents to market. Let's AL‚Ä¶,188,0,2020-03-21 23:59:17
13,RT @mashable: Elon Musk is planning on using Tesla's factories to manufacture ventilators if the US experiences a shortage https://t.co/Wfk‚Ä¶,99,0,2020-03-21 23:59:06
14,@scottkupferschm @TashaARK That is the whole point of this post. That tesla is going to make some giant comeback be‚Ä¶ https://t.co/r0mElivssb,0,0,2020-03-21 23:59:05
15,@CodingMark @TonyTesla4Life @TeslaOwnersEBay I like the box of Tesla stuff :-) Need a sticker?,0,3,2020-03-21 23:59:04
16,Tesla pill got me flying like a cockpit,0,5,2020-03-21 23:58:53
17,"RT @FriendsOfSerbs: LATEST NEWS

LIVE: Belgrade, Nikola Tesla Airport
President of Serbia &amp; China's ambassador to Serbia welcomed China's m‚Ä¶",370,0,2020-03-21 23:58:52
18,@Medtronic @elonmusk @Tesla what the hell does musk have to offer?,0,0,2020-03-21 23:58:45
19,"RT @NorbertElekes: NEW: Tesla and SpaceX will distribute 250,000 masks to hospitals in need.",307,0,2020-03-21 23:58:43
20,The multi colored Tesla driving through the 2nd street tunnel with the ‚Äúabolish billionaires‚Äù bumper sticker may be‚Ä¶ https://t.co/XS6PdRoSux,0,4,2020-03-21 23:58:42
21,"watching a free channel on Samsung TV Plus, which I thought I'd never do lol... discovered the Science TV channel s‚Ä¶ https://t.co/DSV7g3r5B7",0,0,2020-03-21 23:58:40
22,"RT @COsweda: We're already in wartime manufacturing mode, thanks to Trump.

https://t.co/M22FXaD4IZ",231,0,2020-03-21 23:58:33
23,"RT @timdavis2900: At 3:30, Ozzy, our LR AWD Y, arrived. Zero problems at delivery!   These pictures do not do the red justice - it is a won‚Ä¶",93,0,2020-03-21 23:58:20
24,"RT @COsweda: We're already in wartime manufacturing mode, thanks to Trump.

https://t.co/M22FXaD4IZ",231,0,2020-03-21 23:58:18
25,RT @Medtronic: Addressing #COVID19 is a group effort. We are grateful for the discussion with @ElonMusk and @Tesla as we work across indust‚Ä¶,3172,0,2020-03-21 23:58:16
26,"@on_tesla @marc_benton If this was back before social media, would hysteria be this bad. Would the reactions be the‚Ä¶ https://t.co/tx9m7U8X5V",0,0,2020-03-21 23:58:13
27,"RT @xenomorpher1: @Medtronic @elonmusk @Tesla You're fools if you think this conman has anything to offer. He recently posted ""kids are imm‚Ä¶",3,0,2020-03-21 23:58:08
28,RT @NorbertElekes: NEW: Elon Musk says Tesla and SpaceX are both working on medical ventilators.,493,0,2020-03-21 23:58:00
29,California‚Äôs Sandernistas are invariably on the wealthy and comfortable side. Bernie bumper stickers rarely show up‚Ä¶ https://t.co/1DKeMc6Pef,0,0,2020-03-21 23:57:55
30,Nikola Tesla Was Doing This Everyday! | TRY IT TONIGHT! https://t.co/RP2dk4p8aF via @YouTube,0,0,2020-03-21 23:57:55
31,"RT @NorbertElekes: NEW: Tesla and SpaceX will distribute 250,000 masks to hospitals in need.",307,0,2020-03-21 23:57:51
32,RT @BryceHall: hey @SeatGeek you wanna help me buy a tesla,38,0,2020-03-21 23:57:48
33,"@StultusVox @elonmusk Last i checked employees where given the option, and can leave anytime.The necessary protecti‚Ä¶ https://t.co/JYxCTe7aLK",0,2,2020-03-21 23:57:42
34,RT @GeoffMartha: Thanks to @Tesla for their interest &amp; discussion on vents. Medtronic is mobilizing to bring more vents to market. Let's AL‚Ä¶,188,0,2020-03-21 23:57:33
35,RT @Medtronic: Addressing #COVID19 is a group effort. We are grateful for the discussion with @ElonMusk and @Tesla as we work across indust‚Ä¶,3172,0,2020-03-21 23:57:19
36,Collar and Tesla. What could go wrong? I‚Äôll be on a little later with Magnolia over! https://t.co/DFlAEwcUVp,0,1,2020-03-21 23:57:19
37,@on_tesla @marc_benton The death rate around the world for individuals under 70 is almost zero If you have no under‚Ä¶ https://t.co/Hp8K4McnVn,0,0,2020-03-21 23:57:17
38,"RT @FriendsOfSerbs: LATEST NEWS

LIVE: Belgrade, Nikola Tesla Airport
President of Serbia &amp; China's ambassador to Serbia welcomed China's m‚Ä¶",370,0,2020-03-21 23:57:15
39,"RT @yaronbrook: It's the private sector that will get us out of this... ""GM is partnering with Ventec Life Systems to help increase product‚Ä¶",25,0,2020-03-21 23:57:13
40,Just found out my brother in law doesn‚Äôt like Tesla.üôÉ Says they are pretentious and annoying..... then started talk‚Ä¶ https://t.co/1QqeIHa4nT,0,2,2020-03-21 23:57:10
41,Lyft today was a Tesla https://t.co/U9o8YWQ6XJ,0,11,2020-03-21 23:57:08
42,@RoselliLavonne @ErikSolheim @barkingink2 i think you hit the nail on the head. i think he's doing the same with ve‚Ä¶ https://t.co/Gb9B07ae9n,0,3,2020-03-21 23:57:04
43,"RT @NorbertElekes: NEW: Tesla and SpaceX will distribute 250,000 masks to hospitals in need.",307,0,2020-03-21 23:57:02
44,"RT @montana_skeptic: If Elon Musk had picked up the phone to Medtronic before he spouted off about making ventilators, he would have learne‚Ä¶",12,0,2020-03-21 23:56:58
45,"RT @COsweda: We're already in wartime manufacturing mode, thanks to Trump.

https://t.co/M22FXaD4IZ",231,0,2020-03-21 23:56:58
46,@Medtronic @elonmusk @Tesla He ain‚Äôt gonna do shit but PR. Where tf have you been?,0,0,2020-03-21 23:56:54
47,"RT @NorbertElekes: NEW: Tesla and SpaceX will distribute 250,000 masks to hospitals in need.",307,0,2020-03-21 23:56:45
48,@freespee1 tesla_lens_flare_eyes dot wav,0,1,2020-03-21 23:56:38
49,RT @Medtronic: Addressing #COVID19 is a group effort. We are grateful for the discussion with @ElonMusk and @Tesla as we work across indust‚Ä¶,3172,0,2020-03-21 23:56:19
50,"#tesla #supercharger in Fuengirola, Spain CLOSED_TEMP https://t.co/rbllKcj072",0,5,2020-03-21 23:56:18
51,"#tesla #supercharger in Tarragona, Spain CLOSED_TEMP https://t.co/9rP6af0mQd",0,4,2020-03-21 23:56:17
52,"RT @FriendsOfSerbs: LATEST NEWS

LIVE: Belgrade, Nikola Tesla Airport
President of Serbia &amp; China's ambassador to Serbia welcomed China's m‚Ä¶",370,0,2020-03-21 23:56:17
53,"#tesla #supercharger in Getafe, Spain CLOSED_TEMP https://t.co/ztHdPrCJSx",0,4,2020-03-21 23:56:17
54,"@Medtronic @elonmusk @Tesla You're fools if you think this conman has anything to offer. He recently posted ""kids a‚Ä¶ https://t.co/JFQee8J3Xy",3,30,2020-03-21 23:56:16
55,"RT @FriendsOfSerbs: LATEST NEWS

LIVE: Belgrade, Nikola Tesla Airport
President of Serbia &amp; China's ambassador to Serbia welcomed China's m‚Ä¶",370,0,2020-03-21 23:56:12
56,"RT @yaronbrook: It's the private sector that will get us out of this... ""GM is partnering with Ventec Life Systems to help increase product‚Ä¶",25,0,2020-03-21 23:56:03
57,RT @BryceHall: hey @SeatGeek you wanna help me buy a tesla,38,0,2020-03-21 23:56:03
58,@NormOrnstein @matthewstoller Bail out shitty fuel car co‚Äôs and kill the @tesla EV revolution?,0,0,2020-03-21 23:55:55
59,RT @SavedTesla: Safely drifting in a #Tesla Model Y : https://t.co/fIRDwOT4CD,36,0,2020-03-21 23:55:55
60,RT @TashaARK: Imagine Tesla launches ridehailing as COVID-19 subsides. Will have pent up driver demand as many will want extra work &amp; Lyft‚Ä¶,98,0,2020-03-21 23:55:28
61,China fucking lied! Because...... https://t.co/U5nynaEk0Z,0,0,2020-03-21 23:55:26
62,RT @Medtronic: Addressing #COVID19 is a group effort. We are grateful for the discussion with @ElonMusk and @Tesla as we work across indust‚Ä¶,3172,0,2020-03-21 23:55:21
63,@ghost_scot @Medtronic @elonmusk @Tesla Musk whole life is a crisis,0,5,2020-03-21 23:55:15
64,RT @BarkMSmeagol: $TSLAQ #DumDum click bait reporters: ‚ÄúHow dare you say I‚Äôm biased against Elon and $TSLA! My jerb is SO important! You‚Äôre‚Ä¶,6,0,2020-03-21 23:55:10
65,"RT @GraysonDolan: New video is up and there are no more tech issues I don‚Äôt think I also hope 

https://t.co/s9Us1uZFIf

Ethan‚Äôs Tesla Smoo‚Ä¶",898,0,2020-03-21 23:55:08
66,@thirdrowtesla That's why I play Rush's 2112 for my Tesla every night.,0,4,2020-03-21 23:55:07
67,"RT @FriendsOfSerbs: LATEST NEWS

LIVE: Belgrade, Nikola Tesla Airport
President of Serbia &amp; China's ambassador to Serbia welcomed China's m‚Ä¶",370,0,2020-03-21 23:55:02
68,"RT @yngy6477: Experts in a field finding that Musk is full of it. Sounds like a familiar story. $TSLA
https://t.co/xhQTfWq05R",58,0,2020-03-21 23:54:56
69,RT @Medtronic: Addressing #COVID19 is a group effort. We are grateful for the discussion with @ElonMusk and @Tesla as we work across indust‚Ä¶,3172,0,2020-03-21 23:54:48
70,"It's the private sector that will get us out of this... ""GM is partnering with Ventec Life Systems to help increase‚Ä¶ https://t.co/VXHXXhnKq8",25,45,2020-03-21 23:54:48
71,"RT @yngy6477: Experts in a field finding that Musk is full of it. Sounds like a familiar story. $TSLA
https://t.co/xhQTfWq05R",58,0,2020-03-21 23:54:47
72,@EXPLICITLYGRAY The fact they put that sound in the video everytime he charged his Tesla. ‚ò†Ô∏è,0,1,2020-03-21 23:54:36
73,RT @GeoffMartha: Thanks to @Tesla for their interest &amp; discussion on vents. Medtronic is mobilizing to bring more vents to market. Let's AL‚Ä¶,188,0,2020-03-21 23:54:34
74,"RT @FriendsOfSerbs: LATEST NEWS

LIVE: Belgrade, Nikola Tesla Airport
President of Serbia &amp; China's ambassador to Serbia welcomed China's m‚Ä¶",370,0,2020-03-21 23:54:33
75,"RT @timdavis2900: At 3:30, Ozzy, our LR AWD Y, arrived. Zero problems at delivery!   These pictures do not do the red justice - it is a won‚Ä¶",93,0,2020-03-21 23:54:31
76,RT @SavedTesla: Safely drifting in a #Tesla Model Y : https://t.co/fIRDwOT4CD,36,0,2020-03-21 23:54:25
77,@RyanMWal @Tesla How is it different from the 3? Still not sure if I should trade up.,0,0,2020-03-21 23:54:23
78,RT @Teslarati: Mystery solved. Tesla Model Y owner @i1Tesla goes behind the  trailer hitch cover plate https://t.co/8aJrTJ9REZ,28,0,2020-03-21 23:54:21
79,"RT @FriendsOfSerbs: LATEST NEWS

LIVE: Belgrade, Nikola Tesla Airport
President of Serbia &amp; China's ambassador to Serbia welcomed China's m‚Ä¶",370,0,2020-03-21 23:54:18
80,RT @SavedTesla: Safely drifting in a #Tesla Model Y : https://t.co/fIRDwOT4CD,36,0,2020-03-21 23:54:14
81,"@teslanalyst Is the stock price represent the future cash flow? If it is, it has been priced in. The stoppage will‚Ä¶ https://t.co/pJ6L9xEiai",0,0,2020-03-21 23:54:11
82,"RT @montana_skeptic: If Elon Musk had picked up the phone to Medtronic before he spouted off about making ventilators, he would have learne‚Ä¶",12,0,2020-03-21 23:54:11
83,RT @TeslaForThe_Win: Welcome to the Tesla family!!! ü§üüòéü§ü,2,0,2020-03-21 23:54:06
84,"RT @NorbertElekes: NEW: Tesla and SpaceX will distribute 250,000 masks to hospitals in need.",307,0,2020-03-21 23:54:03
85,RT @Medtronic: Addressing #COVID19 is a group effort. We are grateful for the discussion with @ElonMusk and @Tesla as we work across indust‚Ä¶,3172,0,2020-03-21 23:54:02
86,"RT @Erebus04373407: Interesting new rankings:  Best Places to work

1 Hilton
2 Cisco
3 AMEX
4 Google
.
.
.
23791 Africa Diamond Mine
23792‚Ä¶",32,0,2020-03-21 23:54:01
87,RT @BryceHall: hey @SeatGeek you wanna help me buy a tesla,38,0,2020-03-21 23:53:58
88,RT @BryceHall: hey @SeatGeek you wanna help me buy a tesla,38,0,2020-03-21 23:53:51
89,"RT @Smile_Lee: @elonmusk I know New Mexico was on Tesla‚Äôs radar in the early days. Please think about central New Mexico, the terrain would‚Ä¶",57,0,2020-03-21 23:53:48
90,‚Å¶@elonmusk‚Å© ‚Å¶@Tesla‚Å© this is a #modelx for sure! More futuristic version!! #Tesla  https://t.co/1KnqUOqKQ1,0,0,2020-03-21 23:53:35
91,"RT @_michaelrizzo_: NEW VIDEO!!

Driving my FIRST Tesla!!

Click here: https://t.co/xYluKKLDlt https://t.co/tr1ts9seaP",1,0,2020-03-21 23:53:26
92,"RT @NorbertElekes: NEW: Tesla and SpaceX will distribute 250,000 masks to hospitals in need.",307,0,2020-03-21 23:53:25
93,"RT @web: A number of manufacturers are converting supply chains for essential tools.

1/ GM is building ventilators
2/ LVMH is making hand‚Ä¶",668,0,2020-03-21 23:53:23
94,RT @Keubiko: People will be shocked how quickly Tesla‚Äôs cash evaporates. Accounts Payable for a growing auto OEM is a huge source of cash.‚Ä¶,21,0,2020-03-21 23:53:20
95,RT @GeoffMartha: Thanks to @Tesla for their interest &amp; discussion on vents. Medtronic is mobilizing to bring more vents to market. Let's AL‚Ä¶,188,0,2020-03-21 23:53:19
96,@elonmusk Always giving back.  Proud to own Tesla stock and Tesla autos!,0,0,2020-03-21 23:53:18
97,RT @EmilyDreyfuss: A worker told us the only extra safety gear available at the the Tesla factory is masks they could purchase in a vending‚Ä¶,63,0,2020-03-21 23:53:15
98,"Building. Making. Doing.

Tesla: ""We're on our way! We'll be there soon!"" https://t.co/zuIZl9L5VF",0,2,2020-03-21 23:53:06
99,"RT @web: A number of manufacturers are converting supply chains for essential tools.

1/ GM is building ventilators
2/ LVMH is making hand‚Ä¶",668,0,2020-03-21 23:53:01
100,RT @myspacetom: @elonmusk Glad you're doing this @elonmusk !   I wonder if Tesla factories/workers could also aid in test kit production an‚Ä¶,34,0,2020-03-21 23:52:52
101,"RT @NorbertElekes: NEW: Tesla and SpaceX will distribute 250,000 masks to hospitals in need.",307,0,2020-03-21 23:52:50
102,"@TeslaTested @marc_benton The thing is, that‚Äôs not always true though. Plenty of young otherwise healthy people hav‚Ä¶ https://t.co/m0NJgjkTCa",0,1,2020-03-21 23:52:41
103,"""Tesla to temporarily suspend production at Fremont factory""

https://t.co/hpPNoAPors",0,0,2020-03-21 23:52:35
104,"RT @ggreenwald: The $14.5m Warren SuperPAC funder was long married to venture capitalist Stephen Juvertson, who made his fortune as an earl‚Ä¶",598,0,2020-03-21 23:52:30
105,"RT @web: A number of manufacturers are converting supply chains for essential tools.

1/ GM is building ventilators
2/ LVMH is making hand‚Ä¶",668,0,2020-03-21 23:52:07
106,"RT @FriendsOfSerbs: LATEST NEWS

LIVE: Belgrade, Nikola Tesla Airport
President of Serbia &amp; China's ambassador to Serbia welcomed China's m‚Ä¶",370,0,2020-03-21 23:51:58
107,RT @BryceHall: hey @SeatGeek you wanna help me buy a tesla,38,0,2020-03-21 23:51:56
108,"RT @FriendsOfSerbs: LATEST NEWS

LIVE: Belgrade, Nikola Tesla Airport
President of Serbia &amp; China's ambassador to Serbia welcomed China's m‚Ä¶",370,0,2020-03-21 23:51:50
109,RT @Medtronic: Addressing #COVID19 is a group effort. We are grateful for the discussion with @ElonMusk and @Tesla as we work across indust‚Ä¶,3172,0,2020-03-21 23:51:43
110,@dburkland @Tesla Love that color combo!,0,2,2020-03-21 23:51:43
111,RT @TeslaTested: CarVana beats Tesla for coolest delivery day experience https://t.co/vZBMNg7Tz9,9,0,2020-03-21 23:51:42
112,"https://t.co/gqtd4Pn0WO

Was Mr. Musk too cocky about the virus?  He after all, believes we are a part of a compute‚Ä¶ https://t.co/Kuq7lbZsyF",0,0,2020-03-21 23:51:39
113,RT @Medtronic: Addressing #COVID19 is a group effort. We are grateful for the discussion with @ElonMusk and @Tesla as we work across indust‚Ä¶,3172,0,2020-03-21 23:51:33
114,"RT @web: A number of manufacturers are converting supply chains for essential tools.

1/ GM is building ventilators
2/ LVMH is making hand‚Ä¶",668,0,2020-03-21 23:51:27
115,"@marc_benton @on_tesla I get that point, the ones who need medical attention are the ones with underlying condition‚Ä¶ https://t.co/363pwFZiB7",0,2,2020-03-21 23:51:26
116,"@JohnKAubrey @elonmusk @SpaceX @Tesla Yea not like anyone is going to have a great end of Q1, but they (Tesla) usua‚Ä¶ https://t.co/5yU1AyMa0u",0,0,2020-03-21 23:51:26
117,"RT @NorbertElekes: NEW: Tesla and SpaceX will distribute 250,000 masks to hospitals in need.",307,0,2020-03-21 23:51:18
118,"RT @FriendsOfSerbs: LATEST NEWS

LIVE: Belgrade, Nikola Tesla Airport
President of Serbia &amp; China's ambassador to Serbia welcomed China's m‚Ä¶",370,0,2020-03-21 23:51:17
119,"RT @NorbertElekes: NEW: Tesla and SpaceX will distribute 250,000 masks to hospitals in need.",307,0,2020-03-21 23:51:12
120,RT @Juchtervbergen: DigitalChamber #Automotive #TC #Companies #gigafactory Tesla partner Panasonic is shutting down its operations at Nevad‚Ä¶,1,0,2020-03-21 23:51:04
121,RT @JayinShanghai: WOW another Chinese DIY of Tesla Cybertruck with design language from Lamborghini. (English Subtitles) once they have fi‚Ä¶,159,0,2020-03-21 23:51:00
122,"NEW VIDEO!!

Driving my FIRST Tesla!!

Click here: https://t.co/xYluKKLDlt https://t.co/tr1ts9seaP",1,4,2020-03-21 23:50:59
123,"Hal at a party at a hip and progressive unisex members' club in Chelsea, surrounded by eight blonde girls named Til‚Ä¶ https://t.co/C3uKA01oUm",0,0,2020-03-21 23:50:54
124,"RT @COsweda: We're already in wartime manufacturing mode, thanks to Trump.

https://t.co/M22FXaD4IZ",231,0,2020-03-21 23:50:49
125,"RT @FriendsOfSerbs: LATEST NEWS

LIVE: Belgrade, Nikola Tesla Airport
President of Serbia &amp; China's ambassador to Serbia welcomed China's m‚Ä¶",370,0,2020-03-21 23:50:46
126,"RT @getjeda: Let's support small locally owned Tesla businesses during this time. Tag your favorite shops :

@28delayslater @LivingTesla @T‚Ä¶",21,0,2020-03-21 23:50:45
127,Kicked back smokin pack inna tesla ü§ï,0,0,2020-03-21 23:50:41
128,RT @ghost_scot: @Medtronic @elonmusk @Tesla Stop falling for that conman. He takes advantage of every crisis to promote himself. Did he fix‚Ä¶,1,0,2020-03-21 23:50:37
129,RT @BryceHall: hey @SeatGeek you wanna help me buy a tesla,38,0,2020-03-21 23:50:22
130,CarVana beats Tesla for coolest delivery day experience https://t.co/vZBMNg7Tz9,9,103,2020-03-21 23:50:20
131,RT @BryceHall: hey @SeatGeek you wanna help me buy a tesla,38,0,2020-03-21 23:50:20
132,"RT @NorbertElekes: NEW: Tesla and SpaceX will distribute 250,000 masks to hospitals in need.",307,0,2020-03-21 23:50:16
133,@QTRResearch @Keubiko Tesla $160B market cap.,0,5,2020-03-21 23:50:16
134,RT @Medtronic: Addressing #COVID19 is a group effort. We are grateful for the discussion with @ElonMusk and @Tesla as we work across indust‚Ä¶,3172,0,2020-03-21 23:50:13
135,"RT @web: A number of manufacturers are converting supply chains for essential tools.

1/ GM is building ventilators
2/ LVMH is making hand‚Ä¶",668,0,2020-03-21 23:50:10
136,this has to be the first drifted tesla #ModelY https://t.co/QZ1N3nG4HC,0,0,2020-03-21 23:50:05
137,RT @BryceHall: hey @SeatGeek you wanna help me buy a tesla,38,0,2020-03-21 23:50:02
138,Cuphead doesnt need 4k.. Cuphead for Tesla coming out in US next week for anyone with Enhanced Autopilot or Full Self-Driving option.,0,0,2020-03-21 23:50:00
139,"RT @FriendsOfSerbs: LATEST NEWS

LIVE: Belgrade, Nikola Tesla Airport
President of Serbia &amp; China's ambassador to Serbia welcomed China's m‚Ä¶",370,0,2020-03-21 23:49:56
140,RT @BryceHall: hey @SeatGeek you wanna help me buy a tesla,38,0,2020-03-21 23:49:56
141,RT @BryceHall: hey @SeatGeek you wanna help me buy a tesla,38,0,2020-03-21 23:49:54
142,RT @BryceHall: hey @SeatGeek you wanna help me buy a tesla,38,0,2020-03-21 23:49:50
143,RT @BryceHall: hey @SeatGeek you wanna help me buy a tesla,38,0,2020-03-21 23:49:47
144,hey @SeatGeek you wanna help me buy a tesla,38,2895,2020-03-21 23:49:41
145,Saw some guy unscrewing signs at my charging station...don‚Äôt worry got his license plate and cops looking into it üòú‚Ä¶ https://t.co/zxFf8581up,10,192,2020-03-21 23:49:33
146,RT @Medtronic: Addressing #COVID19 is a group effort. We are grateful for the discussion with @ElonMusk and @Tesla as we work across indust‚Ä¶,3172,0,2020-03-21 23:49:29
147,"RT @yngy6477: Experts in a field finding that Musk is full of it. Sounds like a familiar story. $TSLA
https://t.co/xhQTfWq05R",58,0,2020-03-21 23:49:19
148,"RT @NorbertElekes: NEW: Tesla and SpaceX will distribute 250,000 masks to hospitals in need.",307,0,2020-03-21 23:49:14
149,"RT @danarubinstein: ""At the Long Island Jewish Medical Center in Queens, several coronavirus patients under 40, including a few in their 20‚Ä¶",182,0,2020-03-21 23:49:10
150,"RT @ggreenwald: The $14.5m Warren SuperPAC funder was long married to venture capitalist Stephen Juvertson, who made his fortune as an earl‚Ä¶",598,0,2020-03-21 23:49:06
151,"RT @yngy6477: Experts in a field finding that Musk is full of it. Sounds like a familiar story. $TSLA
https://t.co/xhQTfWq05R",58,0,2020-03-21 23:48:58
152,"RT @getjeda: Let's support small locally owned Tesla businesses during this time. Tag your favorite shops :

@28delayslater @LivingTesla @T‚Ä¶",21,0,2020-03-21 23:48:54
153,@sewage666 Yea me and alex have to go in Sunday and Monday then its shut down time for tesla,0,0,2020-03-21 23:48:54
154,"RT @NorbertElekes: NEW: Tesla and SpaceX will distribute 250,000 masks to hospitals in need.",307,0,2020-03-21 23:48:44
155,@ninbmarsh @evdefender Congrats to you all who most likely have a much better nose for fraud than rest of the popul‚Ä¶ https://t.co/EiHaHuYeup,0,14,2020-03-21 23:48:31
156,"@ShortingIsFun @Medtronic @elonmusk @Tesla Your mom must be very embarrassed to have given birth to you, bless your mom",0,2,2020-03-21 23:48:30
157,"RT @yngy6477: Experts in a field finding that Musk is full of it. Sounds like a familiar story. $TSLA
https://t.co/xhQTfWq05R",58,0,2020-03-21 23:48:23
158,RT @Medtronic: Addressing #COVID19 is a group effort. We are grateful for the discussion with @ElonMusk and @Tesla as we work across indust‚Ä¶,3172,0,2020-03-21 23:48:17
159,"RT @NorbertElekes: NEW: Tesla and SpaceX will distribute 250,000 masks to hospitals in need.",307,0,2020-03-21 23:48:12
160,"Tesla community... I'm on a test video conference with the Tesla OC Club (Orange County), if you'd like to join for‚Ä¶ https://t.co/4xiDikIDHo",1,18,2020-03-21 23:48:11
161,"RT @NorbertElekes: NEW: Tesla and SpaceX will distribute 250,000 masks to hospitals in need.",307,0,2020-03-21 23:48:07
162,"RT @yngy6477: Experts in a field finding that Musk is full of it. Sounds like a familiar story. $TSLA
https://t.co/xhQTfWq05R",58,0,2020-03-21 23:47:53
163,"@patchyhaze @StultusVox @KawberYT @elonmusk The forcing thing is BS.  But Tesla being a non essential business, sho‚Ä¶ https://t.co/H06lLVfX1U",0,0,2020-03-21 23:47:53
164,RT @Medtronic: Addressing #COVID19 is a group effort. We are grateful for the discussion with @ElonMusk and @Tesla as we work across indust‚Ä¶,3172,0,2020-03-21 23:47:53
165,Nikola Tesla Missing Notebooks Contained information on Wireless Electri... https://t.co/F5HhPJASma via @YouTube üëçüèø üìª show about Tesla,0,0,2020-03-21 23:47:40
166,RT @Medtronic: Addressing #COVID19 is a group effort. We are grateful for the discussion with @ElonMusk and @Tesla as we work across indust‚Ä¶,3172,0,2020-03-21 23:47:35
167,@elonmusk I have so much to say on Tesla Network @jack hurry up on that not so public tweet feature lol elon would‚Ä¶ https://t.co/Nxu2hpBnbh,0,1,2020-03-21 23:47:32
168,"RT @spotted_model: I‚Äôm a multicoat white or original silver #tesla color guy. But after lots of internal struggles this week over it, I‚Äôve‚Ä¶",7,0,2020-03-21 23:47:31
169,"RT @InsideEVs: Here it is! @Tesla #ModelY Performance Tested: Range, Efficiency, Battery Capacity https://t.co/cJL5f6gcFi via @insideevs.com",12,0,2020-03-21 23:47:25
170,"RT @web: A number of manufacturers are converting supply chains for essential tools.

1/ GM is building ventilators
2/ LVMH is making hand‚Ä¶",668,0,2020-03-21 23:47:10
171,"@BMW Meet The Ultimate driving machine. 
M3. Tesla Model 3.",0,0,2020-03-21 23:47:08
172,@BillWri90307793 @StultusVox @carsonight Hey there. I can only speak to the direct conversations I had with Panason‚Ä¶ https://t.co/REJD1YtpeM,1,3,2020-03-21 23:47:05
173,"RT @NorbertElekes: NEW: Tesla and SpaceX will distribute 250,000 masks to hospitals in need.",307,0,2020-03-21 23:47:00
174,@RBMc3 @ikediezel My ex works for Tesla as a master mechanic. So it sounds like you guys were the real winners. ;) Fuck judgment,0,1,2020-03-21 23:46:57
175,@flatley_bill @TeedoubleA @Tesla Keep us posted on the model three with lipstick. Follow @ghost_scot timeline for m‚Ä¶ https://t.co/0gI2lxvxLf,0,1,2020-03-21 23:46:54
176,RT @TeslaNY: ‚ÄúWe have 250k N95 masks. Aiming to start distributing those to hospitals tomorrow night. Should have over 1000 ventilators by‚Ä¶,53,0,2020-03-21 23:46:41
177,"RT @NorbertElekes: NEW: Tesla and SpaceX will distribute 250,000 masks to hospitals in need.",307,0,2020-03-21 23:46:39
178,"RT @elonmusk: Congratulations Tesla team on making our 1,000,000th car!! https://t.co/5M99a9LLQi",20788,0,2020-03-21 23:46:36
179,"RT @COsweda: We're already in wartime manufacturing mode, thanks to Trump.

https://t.co/M22FXaD4IZ",231,0,2020-03-21 23:46:34
180,@elonmusk Another reason why my next car will be a tesla ‚úåÔ∏è,0,0,2020-03-21 23:46:01
181,RT @GeoffMartha: Thanks to @Tesla for their interest &amp; discussion on vents. Medtronic is mobilizing to bring more vents to market. Let's AL‚Ä¶,188,0,2020-03-21 23:45:58
182,"RT @NorbertElekes: NEW: Tesla and SpaceX will distribute 250,000 masks to hospitals in need.",307,0,2020-03-21 23:45:40
183,RT @TennHedge: If Tesla goes bankrupt then so does SpaceX and so does the Boring Company and so does Neuralink and so does OpenAI and the w‚Ä¶,4,0,2020-03-21 23:45:33
184,Man y‚Äôall funny as fuck! üòÇüòÇüòÇüòÇüòÇ,1,0,2020-03-21 23:45:29
185,"RT @NorbertElekes: NEW: Tesla and SpaceX will distribute 250,000 masks to hospitals in need.",307,0,2020-03-21 23:45:23
186,"@Medtronic @elonmusk @Tesla Give us specific info, please. No bullshit PR tweets of kissing each others asses.",0,0,2020-03-21 23:45:21
187,@teslanalyst I am optimistic as there is a back log of order. This will be sufficient for Tesla to cover the panic‚Ä¶ https://t.co/Gary9Ngim5,0,1,2020-03-21 23:45:16
188,"RT @SomeSciFiGuy: @BStubbles Love these, Brian! I just made my novel Son of Tesla free on Amazon. Nikola Tesla may have found a way to live‚Ä¶",2,0,2020-03-21 23:45:12
189,"RT @FriendsOfSerbs: LATEST NEWS

LIVE: Belgrade, Nikola Tesla Airport
President of Serbia &amp; China's ambassador to Serbia welcomed China's m‚Ä¶",370,0,2020-03-21 23:45:00
190,"When you think about it... someone bought a banana duct-taped to a wall for over $100,000, Tesla came out with a ga‚Ä¶ https://t.co/4YNzbiVt4r",0,1,2020-03-21 23:44:58
191,Imagine @tesla with full autonomous ride share during these times. No social interaction with potential carriers of‚Ä¶ https://t.co/v39KCISesW,0,0,2020-03-21 23:44:56
192,"RT @web: A number of manufacturers are converting supply chains for essential tools.

1/ GM is building ventilators
2/ LVMH is making hand‚Ä¶",668,0,2020-03-21 23:44:52
193,@marc_benton @alharding Tesla barely changes their cars from  prototypes to production. It won‚Äôt really look differ‚Ä¶ https://t.co/a2GmrSCLJb,0,2,2020-03-21 23:44:50
194,"@TeslaTested @on_tesla The concern is still overwhelming the hospitals, not whether or not many get it. Many will g‚Ä¶ https://t.co/rVhWScZyIN",0,3,2020-03-21 23:44:46
195,RT @Medtronic: Addressing #COVID19 is a group effort. We are grateful for the discussion with @ElonMusk and @Tesla as we work across indust‚Ä¶,3172,0,2020-03-21 23:44:44
196,I now drive a BMW and Tesla... and park 'em in my pocket! Try @Getaround with $20 and access cars from your phone. https://t.co/e8ExODGRJ9,0,1,2020-03-21 23:44:39
197,RT @Medtronic: Addressing #COVID19 is a group effort. We are grateful for the discussion with @ElonMusk and @Tesla as we work across indust‚Ä¶,3172,0,2020-03-21 23:44:38
198,RT @Medtronic: Addressing #COVID19 is a group effort. We are grateful for the discussion with @ElonMusk and @Tesla as we work across indust‚Ä¶,3172,0,2020-03-21 23:44:31
199,"@SimplyPsyke @RhyeRhythm @teyaric @FoldableHuman Anyways, stan Tesla https://t.co/zNPdISBc66",0,2,2020-03-21 23:44:30
200,RT @greentechmedia: The decision to shutter operations in those two states comes after urging from local governments https://t.co/E8YYz8FRyQ,2,0,2020-03-21 23:44:18
201,@Dannilihno Tesla really gonna be sending y‚Äôall to space huhüëÄüëÄ,0,2,2020-03-21 23:44:15
202,RT @JayinShanghai: WOW another Chinese DIY of Tesla Cybertruck with design language from Lamborghini. (English Subtitles) once they have fi‚Ä¶,159,0,2020-03-21 23:44:05
203,"RT @Tesla: Solar Roof is taking off across the US. Become a Solar Roof installer today, no experience needed!

https://t.co/qX1lEPlkNQ http‚Ä¶",3864,0,2020-03-21 23:44:03
204,"RT @VdarknessF: For those of you UNAWARE of what Nikola Tesla tried to tell us about energy manifestation and propagation in the universe,‚Ä¶",17,0,2020-03-21 23:43:59
205,@elonmusk @tesla Recommend dropping the acceleration boost upgrade to $500 to vacuum up some easy revenue during this downturn,0,0,2020-03-21 23:43:59
206,"RT @COsweda: We're already in wartime manufacturing mode, thanks to Trump.

https://t.co/M22FXaD4IZ",231,0,2020-03-21 23:43:51
207,"RT @COsweda: We're already in wartime manufacturing mode, thanks to Trump.

https://t.co/M22FXaD4IZ",231,0,2020-03-21 23:43:33
208,"RT @NorbertElekes: NEW: Tesla and SpaceX will distribute 250,000 masks to hospitals in need.",307,0,2020-03-21 23:43:30
209,@SimplyPsyke @RhyeRhythm @teyaric @FoldableHuman His fan boys will somehow see this as a positive. Or claim that he‚Ä¶ https://t.co/yQmCpD852x,0,1,2020-03-21 23:43:27
210,"RT @NorbertElekes: NEW: Tesla and SpaceX will distribute 250,000 masks to hospitals in need.",307,0,2020-03-21 23:43:22
211,Met my buddy at @Tesla Eden Prairie today for his Model Y Performance delivery. It was great to finally see a up cl‚Ä¶ https://t.co/9zaO4RhBRc,3,68,2020-03-21 23:43:14
212,RT @Medtronic: Addressing #COVID19 is a group effort. We are grateful for the discussion with @ElonMusk and @Tesla as we work across indust‚Ä¶,3172,0,2020-03-21 23:42:45
213,RT @AndrewYang: I like where Bernie is going.,17664,0,2020-03-21 23:42:43
214,"RT @BernieSanders: We need to send emergency cash payments of $2,000 to every person in America each month for the duration of this pandemi‚Ä¶",57749,0,2020-03-21 23:42:43
215,@TashaARK How can Tesla take higher take and still be beneficial for drivers to operate the ride hailing business?‚Ä¶ https://t.co/xps6UwB6EJ,0,2,2020-03-21 23:42:33
216,"RT @GraysonDolan: New video is up and there are no more tech issues I don‚Äôt think I also hope 

https://t.co/s9Us1uZFIf

Ethan‚Äôs Tesla Smoo‚Ä¶",898,0,2020-03-21 23:42:28
217,RT @mnm039: @rekhakuttikat @AmyPearsonMD I'm trying to appeal to @Dyson to the HEPA filter they are manufacturing and #makeitamask to help‚Ä¶,33,0,2020-03-21 23:42:24
218,@fromVeganning @elonmusk Less than 1% of sticker is the golden price of a lease to make it financially better than‚Ä¶ https://t.co/UEqJu271xv,0,2,2020-03-21 23:42:23
219,"@realDonaldTrump its Go Time üå™üå™‚õà‚õà The storm is upon us! "" Your Uncle John Trump is so proud of you!!""#WWG1WGA‚Ä¶ https://t.co/EPIO7Ic2Sn",0,0,2020-03-21 23:42:16
220,@QTRResearch @Keubiko Robinhood and Instagram day traders trading Tesla as a means to get rich.,0,0,2020-03-21 23:42:16
221,"RT @timdavis2900: At 3:30, Ozzy, our LR AWD Y, arrived. Zero problems at delivery!   These pictures do not do the red justice - it is a won‚Ä¶",93,0,2020-03-21 23:42:04
222,@JRBuckley I‚Äôm very short Tesla. It‚Äôs covering my losses atm ;),0,0,2020-03-21 23:41:58
223,"@Medtronic @elonmusk @Tesla Elon, i would Love to share unique idea to you "" gravity instead of fossil fuels in veh‚Ä¶ https://t.co/Xla41gseFT",0,0,2020-03-21 23:41:49
224,"RT @COsweda: We're already in wartime manufacturing mode, thanks to Trump.

https://t.co/M22FXaD4IZ",231,0,2020-03-21 23:41:41
225,"RT @WSJMag: ""Just because something ends doesn‚Äôt mean it didn‚Äôt exist,"" says Noah Baumbach. We talked to Baumbach, Adam Driver, Laura Dern‚Ä¶",3,0,2020-03-21 23:41:33
226,"@_jameshatfield_ @gmbankrupt @marc_benton And if it's missing from Tesla's capability, chances are SpaceX has the means.",0,7,2020-03-21 23:41:24
227,RT @Medtronic: Addressing #COVID19 is a group effort. We are grateful for the discussion with @ElonMusk and @Tesla as we work across indust‚Ä¶,3172,0,2020-03-21 23:41:20
228,@elonmusk Found a Tesla logo from my aeroplane! https://t.co/c1ZAv53YwH,0,0,2020-03-21 23:41:19
229,"RT @NorbertElekes: NEW: Tesla and SpaceX will distribute 250,000 masks to hospitals in need.",307,0,2020-03-21 23:41:18
230,"RT @NorbertElekes: NEW: Tesla and SpaceX will distribute 250,000 masks to hospitals in need.",307,0,2020-03-21 23:41:12
231,"RT @ElectrekCo: Tesla Powerwall becomes extremely hard to get, demand increase due to home battery pack incentive https://t.co/5FBiNqzbEM b‚Ä¶",33,0,2020-03-21 23:41:10
232,"@TashaARK Imagine @Tesla going bankrupt, imagine your clients losing money on your Tesla recommendations ... you se‚Ä¶ https://t.co/sfqsGEq7RY",0,0,2020-03-21 23:41:07
233,RT @grandpa: so  no head?,1164,0,2020-03-21 23:41:03
234,"RT @COsweda: We're already in wartime manufacturing mode, thanks to Trump.

https://t.co/M22FXaD4IZ",231,0,2020-03-21 23:41:02
235,"RT @timdavis2900: At 3:30, Ozzy, our LR AWD Y, arrived. Zero problems at delivery!   These pictures do not do the red justice - it is a won‚Ä¶",93,0,2020-03-21 23:40:52
236,RT @TashaARK: Imagine Tesla launches ridehailing as COVID-19 subsides. Will have pent up driver demand as many will want extra work &amp; Lyft‚Ä¶,98,0,2020-03-21 23:40:46
237,"RT @FriendsOfSerbs: LATEST NEWS

LIVE: Belgrade, Nikola Tesla Airport
President of Serbia &amp; China's ambassador to Serbia welcomed China's m‚Ä¶",370,0,2020-03-21 23:40:36
238,Tesla partner Panasonic is shutting down its operations at Nevada gigafactory https://t.co/OTWaByau6Q,0,0,2020-03-21 23:40:32
239,RT @Teslarati: Mystery solved. Tesla Model Y owner @i1Tesla goes behind the  trailer hitch cover plate https://t.co/8aJrTJ9REZ,28,0,2020-03-21 23:40:28
240,@elonmusk Um turn on Tesla Network! https://t.co/b8kzlwNIPD,0,2,2020-03-21 23:40:16
241,@CheriJacobus Buy a Tesla and charge at home.,0,0,2020-03-21 23:40:12
242,"RT @KosMet_1244: Air Serbia has landed at Nikola Tesla Airport, with medical equipment and experts from China. #Serbian President Aleksanda‚Ä¶",56,0,2020-03-21 23:40:12
243,@TeslaTested @elonmusk Guaranteed Tesla wouldn‚Äôt be able to keep up with demand if they offered a Model 3 for $350/mth with 0 down.,0,2,2020-03-21 23:40:06
244,The Tesla Full Self-Driving Computer now in production is at about 5% compute load for these tasks or 10% with full fail-over redundancy.,0,0,2020-03-21 23:40:00
245,"""Just because something ends doesn‚Äôt mean it didn‚Äôt exist,"" says Noah Baumbach. We talked to Baumbach, Adam Driver,‚Ä¶ https://t.co/8HPg9GdWOm",3,4,2020-03-21 23:39:58
246,RT @Medtronic: Addressing #COVID19 is a group effort. We are grateful for the discussion with @ElonMusk and @Tesla as we work across indust‚Ä¶,3172,0,2020-03-21 23:39:56
247,I just saw a Tesla with a toilet roll glued to it‚Äôs roof...,0,2,2020-03-21 23:39:55
248,RT @getjeda: Tesla makes thousands of electric cars available in inventory ‚Äì here‚Äôs why this is important https://t.co/38MT4wSHGn,1,0,2020-03-21 23:39:51
249,RT @Teslarati: Mystery solved. Tesla Model Y owner @i1Tesla goes behind the  trailer hitch cover plate https://t.co/8aJrTJ9REZ,28,0,2020-03-21 23:39:37
250,Tesla / Medtronic ventilators would be ideal rn https://t.co/OrKdMP2bXt,0,0,2020-03-21 23:39:33
251,@bgrahamdisciple Tesla will be purchasing more if it's own cars again to fudge the numbers.,0,0,2020-03-21 23:39:15
252,RT @Medtronic: Addressing #COVID19 is a group effort. We are grateful for the discussion with @ElonMusk and @Tesla as we work across indust‚Ä¶,3172,0,2020-03-21 23:39:15
253,RT @KroegerOve: .@elonmusk like that @Tesla model 3 License plate? https://t.co/P38AHAxUtV,11,0,2020-03-21 23:39:13
254,RT @Medtronic: Addressing #COVID19 is a group effort. We are grateful for the discussion with @ElonMusk and @Tesla as we work across indust‚Ä¶,3172,0,2020-03-21 23:39:13
255,@on_tesla @marc_benton This would cause heard immunity and reduce the transmission. First time we are approaching t‚Ä¶ https://t.co/T37iqM7dC7,0,2,2020-03-21 23:39:12
256,They look way better than the model 3 https://t.co/oLEuEttgU2,0,0,2020-03-21 23:39:11
257,"RT @tyrannolaur: Since a lot of us are stuck at home, I thought it might help if I shared some of my favorite old videos of my kitties. Her‚Ä¶",14,0,2020-03-21 23:39:05
258,"RT @Tesla: Model Y deliveries begin!

https://t.co/ZhuiM5MTOf https://t.co/3gX6MBPmhp",4916,0,2020-03-21 23:39:04
259,RT @Q_Review: @FoldableHuman Elon pisses me off because he's obsessed with being seen as the modern Tesla so he hires groups of people to i‚Ä¶,44,0,2020-03-21 23:39:03
260,"RT @NorbertElekes: NEW: Tesla and SpaceX will distribute 250,000 masks to hospitals in need.",307,0,2020-03-21 23:38:53
261,"RT @timdavis2900: At 3:30, Ozzy, our LR AWD Y, arrived. Zero problems at delivery!   These pictures do not do the red justice - it is a won‚Ä¶",93,0,2020-03-21 23:38:52
262,"RT @timdavis2900: At 3:30, Ozzy, our LR AWD Y, arrived. Zero problems at delivery!   These pictures do not do the red justice - it is a won‚Ä¶",93,0,2020-03-21 23:38:51
263,RT @Medtronic: Addressing #COVID19 is a group effort. We are grateful for the discussion with @ElonMusk and @Tesla as we work across indust‚Ä¶,3172,0,2020-03-21 23:38:45
264,"@TeslaTested @reed_lewis @elonmusk Interesting. I live in Texas so I couldn't finance directly, but I went through‚Ä¶ https://t.co/OVabsUVDDy",0,2,2020-03-21 23:38:45
265,RT @Medtronic: Addressing #COVID19 is a group effort. We are grateful for the discussion with @ElonMusk and @Tesla as we work across indust‚Ä¶,3172,0,2020-03-21 23:38:41
266,Car Hacking: Remember how Fluoroacetate won a Tesla 3 at Pwn2Own last year by hacking it? There's a DoS vulnerabili‚Ä¶ https://t.co/OYJwbqrGU0,5,4,2020-03-21 23:38:40
267,@montana_skeptic Yet the Elron Musketeer cult claims tesla and spacex have been making them for years.,0,0,2020-03-21 23:38:33
268,"RT @getjeda: Let's support small locally owned Tesla businesses during this time. Tag your favorite shops :

@28delayslater @LivingTesla @T‚Ä¶",21,0,2020-03-21 23:38:33
269,Gas is $1.20/g samsclub it never gets old pulling up to #gas #gasstations in the #tesla #p90d @ Sam's Club https://t.co/EJZGP9yVAn,0,4,2020-03-21 23:38:30
270,"RT @COsweda: We're already in wartime manufacturing mode, thanks to Trump.

https://t.co/M22FXaD4IZ",231,0,2020-03-21 23:38:29
271,@fromVeganning @elonmusk I leased a $26k accord for $215 a month no money down. Absolute steal. Sucks Tesla doesn‚Äôt negotiate lol,0,1,2020-03-21 23:38:18
272,@TheLazyAnole @Paul_Par Tesla‚Äôs have TERRIBLE resale value. This probably explains why,0,0,2020-03-21 23:37:57
273,"RT @NorbertElekes: NEW: Tesla and SpaceX will distribute 250,000 masks to hospitals in need.",307,0,2020-03-21 23:37:50
274,RT @Medtronic: Addressing #COVID19 is a group effort. We are grateful for the discussion with @ElonMusk and @Tesla as we work across indust‚Ä¶,3172,0,2020-03-21 23:37:44
275,RT @ubergizmo: Elon Musk Says Tesla Will Make Ventilators If There Is A Shortage https://t.co/xTs0skahJp https://t.co/et9wmmxrQF,1,0,2020-03-21 23:37:43
276,@notabigdeal111 @TeedoubleA @Tesla Thanks pal,0,1,2020-03-21 23:37:39
277,"RT @KingBee0102: @mitchellvii #TrustThePlan #WWG1WGA #QAnon 
Does everyone know what Trump's uncle, Dr John Trump, was tasked with doing? S‚Ä¶",6,0,2020-03-21 23:37:34
278,"@devoxspazz @Ray_Tesla @LamarHeisman @Minkah39 Steelers fans are delusional, not worth your time",0,1,2020-03-21 23:37:31
279,"@z34L0T @Tesla There all around Waco and the surrounding areas. I know there blindingly fast, lol!",0,0,2020-03-21 23:37:22
280,"RT @web: A number of manufacturers are converting supply chains for essential tools.

1/ GM is building ventilators
2/ LVMH is making hand‚Ä¶",668,0,2020-03-21 23:37:16
281,"RT @NorbertElekes: NEW: Tesla and SpaceX will distribute 250,000 masks to hospitals in need.",307,0,2020-03-21 23:37:13
282,Lots of fun planned for 2020...if we're allowed...#socialclub #socialdistancing #tesla #wearefunIRL #andonline‚Ä¶ https://t.co/jZrlujrV9G,0,4,2020-03-21 23:37:09
283,@VitalikGDemin Tesla makes a great one for kids,0,1,2020-03-21 23:36:56
284,"@SavQuota @WatchPolyphonic Fears of shortages abound, and yet no one is ordering the ventilators that Tesla, Space‚Ä¶ https://t.co/OuQOniSrQH",1,0,2020-03-21 23:36:55
285,"RT @NorbertElekes: NEW: Tesla and SpaceX will distribute 250,000 masks to hospitals in need.",307,0,2020-03-21 23:36:54
286,@elkaisertapatio @elonmusk bless me &amp; my bois life with a tesla sponsorship,1,1,2020-03-21 23:36:48
287,"RT @COsweda: We're already in wartime manufacturing mode, thanks to Trump.

https://t.co/M22FXaD4IZ",231,0,2020-03-21 23:36:43
288,RT @TashaARK: Imagine Tesla launches ridehailing as COVID-19 subsides. Will have pent up driver demand as many will want extra work &amp; Lyft‚Ä¶,98,0,2020-03-21 23:36:38
289,@notabigdeal111 @TeedoubleA @Tesla @NTSB Thanks buddy,0,1,2020-03-21 23:36:37
290,"RT @NorbertElekes: NEW: Tesla and SpaceX will distribute 250,000 masks to hospitals in need.",307,0,2020-03-21 23:36:29
291,"RT @NorbertElekes: NEW: Tesla and SpaceX will distribute 250,000 masks to hospitals in need.",307,0,2020-03-21 23:36:28
292,RT @TashaARK: Imagine Tesla launches ridehailing as COVID-19 subsides. Will have pent up driver demand as many will want extra work &amp; Lyft‚Ä¶,98,0,2020-03-21 23:36:16
293,RT @TashaARK: Imagine Tesla launches ridehailing as COVID-19 subsides. Will have pent up driver demand as many will want extra work &amp; Lyft‚Ä¶,98,0,2020-03-21 23:36:06
294,RT @Q_Review: @FoldableHuman Elon pisses me off because he's obsessed with being seen as the modern Tesla so he hires groups of people to i‚Ä¶,44,0,2020-03-21 23:36:03
295,"RT @Pathbend: @heatherpeno I want a PS5 more.
But I require new Gear for V.R. Purposes.
@ORIGINPC 
@Tesla 
@Sony 
@valvesoftware 
@KojiPro2‚Ä¶",1,0,2020-03-21 23:36:01
296,"RT @web: A number of manufacturers are converting supply chains for essential tools.

1/ GM is building ventilators
2/ LVMH is making hand‚Ä¶",668,0,2020-03-21 23:36:01
297,@Medtronic @elonmusk @Tesla Thank you sir,0,0,2020-03-21 23:36:01
298,Car lover #getoutside #crazy #unique #dollar #vintage #everything #money #entrepreneurlife #entrepreneur‚Ä¶ https://t.co/vNzOBOIFuV,0,0,2020-03-21 23:36:00
299,@TESLAcharts Please post ss on operating costs. Mine shows Tesla more expensive given higher insurance costs and higher acquisition costs.,0,1,2020-03-21 23:35:56
300,"RT @NorbertElekes: NEW: Tesla and SpaceX will distribute 250,000 masks to hospitals in need.",307,0,2020-03-21 23:35:37
301,"Imagine this as far more likely in 2020.... Tesla racks up thousands of lawsuits, files for bankruptcy or faces acc‚Ä¶ https://t.co/thm5H0yl4C",0,0,2020-03-21 23:35:31
302,"@TeedoubleA @notabigdeal111 @Tesla Wow. Stupid?  Again with the names?  I just don‚Äôt get it. Well, I appreciate you‚Ä¶ https://t.co/SedwyMgK1G",0,0,2020-03-21 23:35:26
303,GM is partnering with Ventec Life Systems to increase production of ventilators  https://t.co/5Xf0DSlW3G,0,0,2020-03-21 23:35:26
304,"@flatley_bill @TeedoubleA @Tesla Hear ya go sport. Get your barf bag out for when you wanna vomit. 

https://t.co/hC1iUikTVC",0,0,2020-03-21 23:35:21
305,"RT @NorbertElekes: NEW: Tesla and SpaceX will distribute 250,000 masks to hospitals in need.",307,0,2020-03-21 23:35:19
306,"RT @NV45571558: @elonmusk Will future Tesla models, such as the cybertruck, have a bioweapon defense mode?",1,0,2020-03-21 23:35:18
307,"@1776Stonewall Musk! Elon Musk invented Tesla AND the metal detector and all together they invented Edison.

Fucking midwits ITT...",0,0,2020-03-21 23:35:12
308,RT @Medtronic: Addressing #COVID19 is a group effort. We are grateful for the discussion with @ElonMusk and @Tesla as we work across indust‚Ä¶,3172,0,2020-03-21 23:35:07
309,"RT @timdavis2900: At 3:30, Ozzy, our LR AWD Y, arrived. Zero problems at delivery!   These pictures do not do the red justice - it is a won‚Ä¶",93,0,2020-03-21 23:35:04
310,Nikola Tesla Missing Notebooks Contained information on Wireless Electri... https://t.co/8ofAOJ6RWY via @YouTube,0,1,2020-03-21 23:35:02
311,"RT @jacobwgallagher: The Maharaja of Bhavnagar, Grandmas, Alice Cooper,  Pierce Brosnan, A$AP, CDG, Mikimoto Harry Styles, Harry Styles, Ha‚Ä¶",4,0,2020-03-21 23:35:02
312,@flatley_bill @InvestorSwan @Tesla3Tray @ValueAnalyst1 don‚Äôt bother talking to this guy. Tesla short sellers. they‚Ä¶ https://t.co/jDSa7ZoBCe,0,6,2020-03-21 23:35:01
313,@flatley_bill @Tesla3Tray @ValueAnalyst1 @thirdrowtesla But nothing wears out other than tires.  Plus it has all th‚Ä¶ https://t.co/uWJqBzxM8J,0,0,2020-03-21 23:34:49
314,"RT @NorbertElekes: NEW: Tesla and SpaceX will distribute 250,000 masks to hospitals in need.",307,0,2020-03-21 23:34:42
315,@DMC_Ryan @Tesla There's one that our neighbors bought recently just a few house down from us. Big beautiful white‚Ä¶ https://t.co/9OCnP2MAeb,0,1,2020-03-21 23:34:39
316,"RT @stormypatriot21: #QAnon
1917
Tesla
It comes back https://t.co/GdzwwCh4vY",42,0,2020-03-21 23:34:32
317,@ShortingIsFun @Trist_Anderson @Medtronic @elonmusk @Tesla But they are all dying.,0,3,2020-03-21 23:34:29
318,RT @Medtronic: Addressing #COVID19 is a group effort. We are grateful for the discussion with @ElonMusk and @Tesla as we work across indust‚Ä¶,3172,0,2020-03-21 23:34:23
319,RT @TashaARK: Imagine Tesla launches ridehailing as COVID-19 subsides. Will have pent up driver demand as many will want extra work &amp; Lyft‚Ä¶,98,0,2020-03-21 23:34:21
320,"RT @SomeSciFiGuy: More #freebies Grab a digital copy of Son of Tesla for the low, low price of clicking a button. Nikola Tesla may have fou‚Ä¶",6,0,2020-03-21 23:34:18
321,"RT @web: A number of manufacturers are converting supply chains for essential tools.

1/ GM is building ventilators
2/ LVMH is making hand‚Ä¶",668,0,2020-03-21 23:34:15
322,"RT @NorbertElekes: NEW: Tesla and SpaceX will distribute 250,000 masks to hospitals in need.",307,0,2020-03-21 23:34:04
323,@bparispoker Tesla is heavily invested in China. He better say something nice!,0,0,2020-03-21 23:33:51
324,"Tesla, Inc. (TSLA) surprised the market with Q3 result. Morgan Stanley changed the rating to Underperform, as Tesla‚Ä¶ https://t.co/ewTskze4Ah",0,0,2020-03-21 23:33:43
325,@fromVeganning @elonmusk Zero interest is incredible. Granted most loans are only 2-3% now. But beats Tesla because‚Ä¶ https://t.co/WOU6Q2Coyl,0,1,2020-03-21 23:33:42
326,RT @Medtronic: Addressing #COVID19 is a group effort. We are grateful for the discussion with @ElonMusk and @Tesla as we work across indust‚Ä¶,3172,0,2020-03-21 23:33:41
327,RT @Medtronic: Addressing #COVID19 is a group effort. We are grateful for the discussion with @ElonMusk and @Tesla as we work across indust‚Ä¶,3172,0,2020-03-21 23:33:38
328,"RT @DeanSheikh1: Q1 will be Tesla's best quarter of 2020.
Keep that in mind when Tesla files its delayed Q1 financials.

#TimeVaultThingy",6,0,2020-03-21 23:33:35
329,"@flatley_bill @TeedoubleA @Tesla @NTSB May wanna watch the Cspan, @NTSB hearing on telsa about a month ago. After t‚Ä¶ https://t.co/85dhF1dbFQ",0,0,2020-03-21 23:33:26
330,@QTRResearch @Keubiko Tesla stock reaching 1k.,0,0,2020-03-21 23:33:21
331,"@patchyhaze @StultusVox @KawberYT @elonmusk Plus, I don't think Tesla has ever been accused of employing child labor at #SpaceX or anywhere.",0,0,2020-03-21 23:33:11
332,@notabigdeal111 @TeedoubleA @Tesla Uh. Ok?,0,0,2020-03-21 23:33:04
333,"RT @NorbertElekes: NEW: Tesla and SpaceX will distribute 250,000 masks to hospitals in need.",307,0,2020-03-21 23:33:04
334,@Out_of_Spec @i1Tesla Niiiiiiiice! @spikesv83,0,3,2020-03-21 23:33:00
335,@Beeeelzebub888 @DestroyFE @imkimaaron @doc_lamb @UnCastellsMes @DanielB59756947 @keigh_see @whoopsbuni‚Ä¶ https://t.co/g3osoyKYfY,0,1,2020-03-21 23:32:56
336,"RT @GraysonDolan: New video is up and there are no more tech issues I don‚Äôt think I also hope 

https://t.co/s9Us1uZFIf

Ethan‚Äôs Tesla Smoo‚Ä¶",898,0,2020-03-21 23:32:55
337,"RT @tyrannolaur: Since a lot of us are stuck at home, I thought it might help if I shared some of my favorite old videos of my kitties. Her‚Ä¶",14,0,2020-03-21 23:32:52
338,"ü§£ü§£ü§£ü§£ ... repress me some more, daddy ... ü§£ü§£ü§£ü§£

#NewYork #women are #coronavirus crushing on #AndrewCuomo: 'Is he si‚Ä¶ https://t.co/xlrUttEDLI",0,0,2020-03-21 23:32:47
339,"RT @getjeda: Let's support small locally owned Tesla businesses during this time. Tag your favorite shops :

@28delayslater @LivingTesla @T‚Ä¶",21,0,2020-03-21 23:32:43
340,RT @Medtronic: Addressing #COVID19 is a group effort. We are grateful for the discussion with @ElonMusk and @Tesla as we work across indust‚Ä¶,3172,0,2020-03-21 23:32:39
341,@PlayCODMobile Tesla Cybertruck,0,0,2020-03-21 23:32:30
342,"RT @danarubinstein: ""At the Long Island Jewish Medical Center in Queens, several coronavirus patients under 40, including a few in their 20‚Ä¶",182,0,2020-03-21 23:32:24
343,"RT @FriendsOfSerbs: LATEST NEWS

LIVE: Belgrade, Nikola Tesla Airport
President of Serbia &amp; China's ambassador to Serbia welcomed China's m‚Ä¶",370,0,2020-03-21 23:32:19
344,"@jimcramer I bet the CEO's of Apple, YUM, MCD, TESLA, etc..could tell us exactly what we should really expect...",0,0,2020-03-21 23:32:17
345,@PhyzMr @Beeeelzebub888 @DestroyFE @doc_lamb @UnCastellsMes @DanielB59756947 @keigh_see @whoopsbuni‚Ä¶ https://t.co/ePQpeYZnox,0,3,2020-03-21 23:32:10
346,@flatley_bill @TeedoubleA @Tesla We are all free market participants. Just cause we are falling for musks lies does‚Ä¶ https://t.co/gXvFlhHGrH,0,0,2020-03-21 23:31:57
347,"RT @KosMet_1244: Air Serbia has landed at Nikola Tesla Airport, with medical equipment and experts from China. #Serbian President Aleksanda‚Ä¶",56,0,2020-03-21 23:31:52
348,RT @Medtronic: Addressing #COVID19 is a group effort. We are grateful for the discussion with @ElonMusk and @Tesla as we work across indust‚Ä¶,3172,0,2020-03-21 23:31:51
349,"RT @COsweda: We're already in wartime manufacturing mode, thanks to Trump.

https://t.co/M22FXaD4IZ",231,0,2020-03-21 23:31:44
350,"@chaosyourgod paypal
tesla electric cars
big drills",0,0,2020-03-21 23:31:44
351,"@notabigdeal111 @TeedoubleA @Tesla @NTSB Actually, They didn‚Äôt have FSD on 2016 on the first S. Didn‚Äôt pay for it o‚Ä¶ https://t.co/DzB9NW1c3Z",0,2,2020-03-21 23:31:44
352,RT @Keubiko: People will be shocked how quickly Tesla‚Äôs cash evaporates. Accounts Payable for a growing auto OEM is a huge source of cash.‚Ä¶,21,0,2020-03-21 23:31:40
353,"RT @NorbertElekes: NEW: Tesla and SpaceX will distribute 250,000 masks to hospitals in need.",307,0,2020-03-21 23:31:37
354,Now Playing on PlaZma Radio: Tesla - Love Song https://t.co/EwS5eezHIu,0,0,2020-03-21 23:31:36
355,"RT @FriendsOfSerbs: LATEST NEWS

LIVE: Belgrade, Nikola Tesla Airport
President of Serbia &amp; China's ambassador to Serbia welcomed China's m‚Ä¶",370,0,2020-03-21 23:31:29
356,"@heatherpeno I want a PS5 more.
But I require new Gear for V.R. Purposes.
@ORIGINPC 
@Tesla 
@Sony 
@valvesoftware‚Ä¶ https://t.co/TZRofFsgtM",1,1,2020-03-21 23:31:27
357,@westcoastbill Of course Musk likes this lmao. He wants so much to open his stupid factories again. This just shows‚Ä¶ https://t.co/g1bA9kVdxI,0,1,2020-03-21 23:31:20
358,RT @Medtronic: Addressing #COVID19 is a group effort. We are grateful for the discussion with @ElonMusk and @Tesla as we work across indust‚Ä¶,3172,0,2020-03-21 23:31:06
359,"RT @COsweda: We're already in wartime manufacturing mode, thanks to Trump.

https://t.co/M22FXaD4IZ",231,0,2020-03-21 23:30:57
360,"RT @NorbertElekes: NEW: Tesla and SpaceX will distribute 250,000 masks to hospitals in need.",307,0,2020-03-21 23:30:41
361,"RT @TSLAQQ: Ok, the numbers are from 2019, I still don't see how Tesla according to $TSLAQ is the most vulnerable to go BK https://t.co/uAA‚Ä¶",61,0,2020-03-21 23:30:40
362,RT @burtbakarat2: @CannaFrom If Nicola Tesla wasn‚Äôt stopped the whole world would have been lighted for free,1,0,2020-03-21 23:30:36
363,RT @Medtronic: Addressing #COVID19 is a group effort. We are grateful for the discussion with @ElonMusk and @Tesla as we work across indust‚Ä¶,3172,0,2020-03-21 23:30:26
364,@CannaFrom If Nicola Tesla wasn‚Äôt stopped the whole world would have been lighted for free,1,2,2020-03-21 23:30:25
365,"RT @KosMet_1244: Air Serbia has landed at Nikola Tesla Airport, with medical equipment and experts from China. #Serbian President Aleksanda‚Ä¶",56,0,2020-03-21 23:30:22
366,RT @Medtronic: Addressing #COVID19 is a group effort. We are grateful for the discussion with @ElonMusk and @Tesla as we work across indust‚Ä¶,3172,0,2020-03-21 23:30:17
367,@Medtronic @elonmusk @Tesla My hospital in Portland OR will be running out of personal protective equipment for sta‚Ä¶ https://t.co/8yOK95lzDg,0,0,2020-03-21 23:30:13
368,RT @Q_Review: @FoldableHuman Elon pisses me off because he's obsessed with being seen as the modern Tesla so he hires groups of people to i‚Ä¶,44,0,2020-03-21 23:30:13
369,"@Prestonesto10 @badimo Not only happen at tesla car,now it's happen at buggati chiron",0,1,2020-03-21 23:30:12
370,RT @TashaARK: Imagine Tesla launches ridehailing as COVID-19 subsides. Will have pent up driver demand as many will want extra work &amp; Lyft‚Ä¶,98,0,2020-03-21 23:30:05
371,Japan's Sharp sues Tesla for patent infringement over network gear: source  https://t.co/NFN5zqHUK0 https://t.co/tU1E3S0URx,0,0,2020-03-21 23:30:02
372,Its tough making functionality work across so many regulatory domains.. Is purchasing through the Tesla app not working?.,0,0,2020-03-21 23:30:00
373,"RT @SibhHean: @TheQniversity @gemmaod1 Two super powers have a very personal giggle. 

I was very intrigued with this particular part in on‚Ä¶",3,0,2020-03-21 23:29:56
374,@AginKs @adamctharp @JoeSilverman7 @SaintRPh @M1A1_Jockey @JaneyMackWriter @BrunusCutis Just don‚Äôt mention Tesla.,0,2,2020-03-21 23:29:55
375,@notabigdeal111 @TeedoubleA @Tesla Ok. Cybertruck is in order. I guess that means the roadster after that?  Still h‚Ä¶ https://t.co/bb5XPcvign,0,1,2020-03-21 23:29:53
376,"RT @danarubinstein: ""At the Long Island Jewish Medical Center in Queens, several coronavirus patients under 40, including a few in their 20‚Ä¶",182,0,2020-03-21 23:29:52
377,"RT @web: A number of manufacturers are converting supply chains for essential tools.

1/ GM is building ventilators
2/ LVMH is making hand‚Ä¶",668,0,2020-03-21 23:29:47
378,RT @Medtronic: Addressing #COVID19 is a group effort. We are grateful for the discussion with @ElonMusk and @Tesla as we work across indust‚Ä¶,3172,0,2020-03-21 23:29:44
379,"RT @TSLAQQ: Ok, the numbers are from 2019, I still don't see how Tesla according to $TSLAQ is the most vulnerable to go BK https://t.co/uAA‚Ä¶",61,0,2020-03-21 23:29:40
380,"RT @SomeSciFiGuy: More #freebies Grab a digital copy of Son of Tesla for the low, low price of clicking a button. Nikola Tesla may have fou‚Ä¶",6,0,2020-03-21 23:29:38
381,"RT @NorbertElekes: NEW: Tesla and SpaceX will distribute 250,000 masks to hospitals in need.",307,0,2020-03-21 23:29:37
382,"@emmasnoangel LOL! The chocolates üôàü§°
And I got in a Tesla the other day and listened to Charli!!!!",0,1,2020-03-21 23:29:35
383,Nikola Tesla Missing Notebooks Contained information on Wireless Electri... https://t.co/DqdG0U45X5 via @YouTube,0,0,2020-03-21 23:29:27
384,RT @Medtronic: Addressing #COVID19 is a group effort. We are grateful for the discussion with @ElonMusk and @Tesla as we work across indust‚Ä¶,3172,0,2020-03-21 23:29:25
385,"@TeamPulte @pulte any advice regarding the 100k and new Tesla I won? Ok, I guess typing it out does sound a little‚Ä¶ https://t.co/pjnUWIg6Me",0,0,2020-03-21 23:28:58
386,RT @Medtronic: Addressing #COVID19 is a group effort. We are grateful for the discussion with @ElonMusk and @Tesla as we work across indust‚Ä¶,3172,0,2020-03-21 23:28:51
387,@notabigdeal111 @TeedoubleA @Tesla I do like the cars. I just don‚Äôt understand the names and meanness. In a free ma‚Ä¶ https://t.co/OqDH7UAZ6w,0,0,2020-03-21 23:28:30
388,RT @awinston: DOJ wants emergency authority to detain people indefinitely during the pandemic - they will undoubtedly use this on political‚Ä¶,12,0,2020-03-21 23:28:28
389,@Terry2003093969 @badimo This mostly happen at tesla car but now happen at buggati chiron,0,1,2020-03-21 23:28:27
390,"RT @FriendsOfSerbs: LATEST NEWS

LIVE: Belgrade, Nikola Tesla Airport
President of Serbia &amp; China's ambassador to Serbia welcomed China's m‚Ä¶",370,0,2020-03-21 23:28:11
391,"RT @NorbertElekes: NEW: Tesla and SpaceX will distribute 250,000 masks to hospitals in need.",307,0,2020-03-21 23:27:57
392,"RT @NorbertElekes: NEW: Tesla and SpaceX will distribute 250,000 masks to hospitals in need.",307,0,2020-03-21 23:27:50
393,"Smitty- FAST üí® 
Head smart like she driving a Tesla!
Cat on 2Ô∏è‚É£0Ô∏è‚É£0Ô∏è‚É£ she‚Äôs a HellCat!üêÜ
She do the dash! üèé
that li‚Ä¶ https://t.co/KtELoPGMwv",0,0,2020-03-21 23:27:41
394,"RT @jeffskoll: My #Tesla got stolen from my garage in LA on Fri, Mar 11, 2020.   

Over the next few days, with the help of Tesla and the B‚Ä¶",44,0,2020-03-21 23:27:40
395,@schristakos @reed_lewis @elonmusk Says make checks out to Tesla Financial on statements and has only Tesla logos o‚Ä¶ https://t.co/J1AlMeKEtQ,0,1,2020-03-21 23:27:33
396,RT @JPJets_Group: Air Serbia has temporarily suspended all scheduled flights following a decision by the Serbian government to close Belgra‚Ä¶,1,0,2020-03-21 23:27:29
397,RT @CarHackVillage: Did we mention the car will be a Tesla Model 3?,11,0,2020-03-21 23:27:27
398,RT @Q_Review: @FoldableHuman Elon pisses me off because he's obsessed with being seen as the modern Tesla so he hires groups of people to i‚Ä¶,44,0,2020-03-21 23:27:27
399,"RT @ggreenwald: The $14.5m Warren SuperPAC funder was long married to venture capitalist Stephen Juvertson, who made his fortune as an earl‚Ä¶",598,0,2020-03-21 23:27:20
400,RT @Medtronic: Addressing #COVID19 is a group effort. We are grateful for the discussion with @ElonMusk and @Tesla as we work across indust‚Ä¶,3172,0,2020-03-21 23:27:19
401,If I had a Tesla I would self quarantine in it right about now @elonmusk,0,2,2020-03-21 23:27:14
402,RT @Medtronic: Addressing #COVID19 is a group effort. We are grateful for the discussion with @ElonMusk and @Tesla as we work across indust‚Ä¶,3172,0,2020-03-21 23:27:05
403,RT @Medtronic: Addressing #COVID19 is a group effort. We are grateful for the discussion with @ElonMusk and @Tesla as we work across indust‚Ä¶,3172,0,2020-03-21 23:27:04
404,"@elonmusk @Jennerator211 I will just buy your @tesla stock @elonmusk, I don‚Äôt care even if it goes to 0",0,0,2020-03-21 23:27:00
405,@DuTeach @Medtronic @elonmusk @Tesla Great üëçüèº options. It‚Äôs already hippa filtered,0,1,2020-03-21 23:26:53
406,RT @GretaYacht: The law already has a bailout provision for all companies: Chapter 11 Reorganization under the US Bankruptcy Code. It allow‚Ä¶,54,0,2020-03-21 23:26:47
407,RT @MemesOfMars: Heavy Metal: Volkswagen Adding More Nickel To EV Batteries. BMW Plans Electric 7 Series https://t.co/5htidv29By #TeamElon‚Ä¶,1,0,2020-03-21 23:26:46
408,RT @billionaire_ca: I specifically asked them if I could order 1000 from them and apply the Tesla logo,1,0,2020-03-21 23:26:45
409,"RT @web: A number of manufacturers are converting supply chains for essential tools.

1/ GM is building ventilators
2/ LVMH is making hand‚Ä¶",668,0,2020-03-21 23:26:44
410,Took Jupiter out for a walk in 32¬∞ weather before it got too cold tomorrow. With the sun setting had to take a self‚Ä¶ https://t.co/W7zoXUa13e,0,0,2020-03-21 23:26:37
411,"RT @web: A number of manufacturers are converting supply chains for essential tools.

1/ GM is building ventilators
2/ LVMH is making hand‚Ä¶",668,0,2020-03-21 23:26:30
412,RT @GeoffMartha: Thanks to @Tesla for their interest &amp; discussion on vents. Medtronic is mobilizing to bring more vents to market. Let's AL‚Ä¶,188,0,2020-03-21 23:26:13
413,"RT @yngy6477: Experts in a field finding that Musk is full of it. Sounds like a familiar story. $TSLA
https://t.co/xhQTfWq05R",58,0,2020-03-21 23:26:12
414,"RT @NorbertElekes: NEW: Tesla and SpaceX will distribute 250,000 masks to hospitals in need.",307,0,2020-03-21 23:25:48
415,RT @Teslarati: Mystery solved. Tesla Model Y owner @i1Tesla goes behind the  trailer hitch cover plate https://t.co/8aJrTJ9REZ,28,0,2020-03-21 23:25:46
416,RT @TashaARK: Imagine Tesla launches ridehailing as COVID-19 subsides. Will have pent up driver demand as many will want extra work &amp; Lyft‚Ä¶,98,0,2020-03-21 23:25:22
417,RT @TashaARK: Imagine Tesla launches ridehailing as COVID-19 subsides. Will have pent up driver demand as many will want extra work &amp; Lyft‚Ä¶,98,0,2020-03-21 23:25:19
418,"RT @web: A number of manufacturers are converting supply chains for essential tools.

1/ GM is building ventilators
2/ LVMH is making hand‚Ä¶",668,0,2020-03-21 23:25:14
419,"RT @SomeSciFiGuy: More #freebies Grab a digital copy of Son of Tesla for the low, low price of clicking a button. Nikola Tesla may have fou‚Ä¶",6,0,2020-03-21 23:25:14
420,"@CoeurDeCresson He was charged with researching Tesla's papers for the Office of Alien Property Custodian, thus, tr‚Ä¶ https://t.co/SFMJKPPMZE",0,1,2020-03-21 23:25:10
421,"RT @FriendsOfSerbs: LATEST NEWS

LIVE: Belgrade, Nikola Tesla Airport
President of Serbia &amp; China's ambassador to Serbia welcomed China's m‚Ä¶",370,0,2020-03-21 23:25:08
422,"RT @COsweda: We're already in wartime manufacturing mode, thanks to Trump.

https://t.co/M22FXaD4IZ",231,0,2020-03-21 23:25:07
423,"RT @Tesla: Model Y deliveries begin!

https://t.co/ZhuiM5MTOf https://t.co/3gX6MBPmhp",4916,0,2020-03-21 23:24:47
424,"RT @NorbertElekes: NEW: Tesla and SpaceX will distribute 250,000 masks to hospitals in need.",307,0,2020-03-21 23:24:41
425,RT @Medtronic: Addressing #COVID19 is a group effort. We are grateful for the discussion with @ElonMusk and @Tesla as we work across indust‚Ä¶,3172,0,2020-03-21 23:24:40
426,RT @Medtronic: Addressing #COVID19 is a group effort. We are grateful for the discussion with @ElonMusk and @Tesla as we work across indust‚Ä¶,3172,0,2020-03-21 23:24:34
427,GM is partnering with Ventec Life Systems to help increase production of ventilators https://t.co/BHS1yhhB9V https://t.co/3pbseP7yFg,0,0,2020-03-21 23:24:33
428,"RT @NorbertElekes: NEW: Tesla and SpaceX will distribute 250,000 masks to hospitals in need.",307,0,2020-03-21 23:24:25
429,"RT @NorbertElekes: NEW: Tesla and SpaceX will distribute 250,000 masks to hospitals in need.",307,0,2020-03-21 23:24:19
430,"Donald J Trump &amp; The Wardenclyffe files...Find out #Trump's REAL plans for #Immigration, #ForeignAffairs, The #USA,‚Ä¶ https://t.co/V9zAdzvV00",0,0,2020-03-21 23:24:19
431,"RT @FriendsOfSerbs: LATEST NEWS

LIVE: Belgrade, Nikola Tesla Airport
President of Serbia &amp; China's ambassador to Serbia welcomed China's m‚Ä¶",370,0,2020-03-21 23:24:17
432,@TeedoubleA @flatley_bill @Tesla Yeah Bill. The @NTSB just lambasted @Tesla for having a beta version of level 2 au‚Ä¶ https://t.co/VZbSKLrEXf,0,0,2020-03-21 23:24:11
433,"RT @web: A number of manufacturers are converting supply chains for essential tools.

1/ GM is building ventilators
2/ LVMH is making hand‚Ä¶",668,0,2020-03-21 23:24:07
434,"Aira Inc., an early-stage startup in the wireless technology space whose founders scored big on Shark Tank, has hir‚Ä¶ https://t.co/2WD6mEsx3V",1,1,2020-03-21 23:24:05
435,@bryanMackSC @Pete_Clay @elonmusk This is the way it came and the way we drove it out of the Tesla facility. It is gorgeous,0,5,2020-03-21 23:24:03
436,"RT @NorbertElekes: NEW: Tesla and SpaceX will distribute 250,000 masks to hospitals in need.",307,0,2020-03-21 23:23:59
437,Tesla is wildly popular in Texas. #socialclub #socialdistancing #remoteannualmeeting #gigatexas https://t.co/AT49E4Gmpp,2,10,2020-03-21 23:23:56
438,"RT @NorbertElekes: NEW: Tesla and SpaceX will distribute 250,000 masks to hospitals in need.",307,0,2020-03-21 23:23:53
439,"Donald J Trump &amp; The Wardenclyffe files...Find out #Trump's REAL plans for #Immigration, #ForeignAffairs, The #USA,‚Ä¶ https://t.co/Tqanp8LDK3",0,0,2020-03-21 23:23:52
440,@elonmusk Are you ignoring exponential growth? I'm sure you've heard of exponential growth. Your business model is‚Ä¶ https://t.co/eFtbCLjlfA,0,0,2020-03-21 23:23:47
441,RT @Medtronic: Addressing #COVID19 is a group effort. We are grateful for the discussion with @ElonMusk and @Tesla as we work across indust‚Ä¶,3172,0,2020-03-21 23:23:33
442,"@BishopJackson6 cus bts make quality music so why would they associate with the ""Tesla gang"" https://t.co/vqYrlC4YfH",0,0,2020-03-21 23:23:28
443,RT @Medtronic: Addressing #COVID19 is a group effort. We are grateful for the discussion with @ElonMusk and @Tesla as we work across indust‚Ä¶,3172,0,2020-03-21 23:23:25
444,RT @Q_Review: @FoldableHuman Elon pisses me off because he's obsessed with being seen as the modern Tesla so he hires groups of people to i‚Ä¶,44,0,2020-03-21 23:23:15
445,@FUDlife420 @zshahan3 is Tesla PR. Maybe real journalists should start talking to him.,0,1,2020-03-21 23:23:12
446,@MimiMaibe @EthanDolan @GraysonDolan Fuk dude....I would gain some major weight if I owned a Tesla...,0,3,2020-03-21 23:23:04
447,RT @marc_benton: Article says: ‚ÄúThere's just one problem: The companies actually making medical ventilators today don't think he can pull i‚Ä¶,40,0,2020-03-21 23:23:04
448,"RT @NorbertElekes: NEW: Tesla and SpaceX will distribute 250,000 masks to hospitals in need.",307,0,2020-03-21 23:23:03
449,"RT @The_Cypherpunk: @ybarrap @rogertansey @JeffBezos Paul, I could not agree more! @Tesla volunteered, as did GM, and Ford. It's like those‚Ä¶",3,0,2020-03-21 23:22:59
450,"RT @web: A number of manufacturers are converting supply chains for essential tools.

1/ GM is building ventilators
2/ LVMH is making hand‚Ä¶",668,0,2020-03-21 23:22:52
451,@i1Tesla This is an old photo and probably this made every one get hyped up thinking Tesla MOdelY does have a tow h‚Ä¶ https://t.co/AHJFJQtesJ,0,1,2020-03-21 23:22:50
452,"RT @NorbertElekes: NEW: Tesla and SpaceX will distribute 250,000 masks to hospitals in need.",307,0,2020-03-21 23:22:46
453,"@fly4dat Doesn't prove anything about Tesla..try again, Moron.",0,0,2020-03-21 23:22:44
454,"RT @web: A number of manufacturers are converting supply chains for essential tools.

1/ GM is building ventilators
2/ LVMH is making hand‚Ä¶",668,0,2020-03-21 23:22:34
455,@TeedoubleA @flatley_bill @Tesla You seem like a nice guy Bill. Hard to imagine you would fall for the biggest frau‚Ä¶ https://t.co/Aq3G1rOZTE,0,1,2020-03-21 23:22:24
456,"@flatley_bill @notabigdeal111 @Tesla Also you bought something called ""full self driving"" for $7K and think it's go‚Ä¶ https://t.co/WECETxrrcy",0,1,2020-03-21 23:22:21
457,"RT @web: A number of manufacturers are converting supply chains for essential tools.

1/ GM is building ventilators
2/ LVMH is making hand‚Ä¶",668,0,2020-03-21 23:22:17
458,RT @Medtronic: Addressing #COVID19 is a group effort. We are grateful for the discussion with @ElonMusk and @Tesla as we work across indust‚Ä¶,3172,0,2020-03-21 23:22:16
459,@elonmusk Are the ventilators for keeping the air clean in Tesla factory in order to keep the employees working ??,0,0,2020-03-21 23:22:14
460,"RT @web: A number of manufacturers are converting supply chains for essential tools.

1/ GM is building ventilators
2/ LVMH is making hand‚Ä¶",668,0,2020-03-21 23:22:13
461,RT @failarmy: The dangers of driving a Tesla @elonmusk üò≠ https://t.co/sCRy2To3yw,16,0,2020-03-21 23:22:06
462,"RT @NorbertElekes: NEW: Tesla and SpaceX will distribute 250,000 masks to hospitals in need.",307,0,2020-03-21 23:21:55
463,"RT @web: A number of manufacturers are converting supply chains for essential tools.

1/ GM is building ventilators
2/ LVMH is making hand‚Ä¶",668,0,2020-03-21 23:21:48
464,"RT @KosMet_1244: Air Serbia has landed at Nikola Tesla Airport, with medical equipment and experts from China. #Serbian President Aleksanda‚Ä¶",56,0,2020-03-21 23:21:47
465,@Medtronic @elonmusk @Tesla My hero ü¶∏‚Äç‚ôÇÔ∏è https://t.co/B6Sckyjmmd,0,0,2020-03-21 23:21:45
466,"@MG26szn @whoisaddison you‚Äôre welcome, and btw that tesla i‚Äôve been lending you, just keep itüëç",0,1,2020-03-21 23:21:42
467,@TeslaTested @reed_lewis @elonmusk Your lease is held by Wells Fargo I believe. They work directly with Tesla for t‚Ä¶ https://t.co/tjE7BVhp2V,0,1,2020-03-21 23:21:37
468,"RT @web: A number of manufacturers are converting supply chains for essential tools.

1/ GM is building ventilators
2/ LVMH is making hand‚Ä¶",668,0,2020-03-21 23:21:32
469,"@flatley_bill @notabigdeal111 @Tesla ""Oh sure, I got mine days after ordering it, but my salesman said he pulled so‚Ä¶ https://t.co/YuerFmJRHK",0,1,2020-03-21 23:21:30
470,@CheriJacobus Time to buy a Tesla.,0,0,2020-03-21 23:21:29
471,RT @Medtronic: Addressing #COVID19 is a group effort. We are grateful for the discussion with @ElonMusk and @Tesla as we work across indust‚Ä¶,3172,0,2020-03-21 23:21:24
472,"@AcaciaCap Silly. If tesla owners wanted to do this, they‚Äôd be doing it already.",0,0,2020-03-21 23:21:10
473,"RT @NorbertElekes: NEW: Tesla and SpaceX will distribute 250,000 masks to hospitals in need.",307,0,2020-03-21 23:21:09
474,"RT @NorbertElekes: NEW: Tesla and SpaceX will distribute 250,000 masks to hospitals in need.",307,0,2020-03-21 23:21:09
475,"RT @NorbertElekes: NEW: Tesla and SpaceX will distribute 250,000 masks to hospitals in need.",307,0,2020-03-21 23:21:08
476,"@balajis Elon's been perfecting ""the factory is the product"" for years with Tesla and SpX, quite possibly one of th‚Ä¶ https://t.co/dtxKCoQh0G",0,1,2020-03-21 23:21:06
477,"RT @NorbertElekes: NEW: Tesla and SpaceX will distribute 250,000 masks to hospitals in need.",307,0,2020-03-21 23:21:06
478,"RT @DeanSheikh1: Q1 will be Tesla's best quarter of 2020.
Keep that in mind when Tesla files its delayed Q1 financials.

#TimeVaultThingy",6,0,2020-03-21 23:21:04
479,RT @Medtronic: Addressing #COVID19 is a group effort. We are grateful for the discussion with @ElonMusk and @Tesla as we work across indust‚Ä¶,3172,0,2020-03-21 23:21:01
480,The law already has a bailout provision for all companies: Chapter 11 Reorganization under the US Bankruptcy Code.‚Ä¶ https://t.co/Hf7ImLva8t,54,223,2020-03-21 23:20:57
481,RT @Teslarati: Mystery solved. Tesla Model Y owner @i1Tesla goes behind the  trailer hitch cover plate https://t.co/8aJrTJ9REZ,28,0,2020-03-21 23:20:57
482,"RT @COsweda: We're already in wartime manufacturing mode, thanks to Trump.

https://t.co/M22FXaD4IZ",231,0,2020-03-21 23:20:56
483,"RT @COsweda: We're already in wartime manufacturing mode, thanks to Trump.

https://t.co/M22FXaD4IZ",231,0,2020-03-21 23:20:55
484,"@CodingMark I'm pretty flexible on all of those times depending on the topic/quality, number of presenters. As a ge‚Ä¶ https://t.co/2ZFEXz4c3f",0,2,2020-03-21 23:20:51
485,RT @Medtronic: Addressing #COVID19 is a group effort. We are grateful for the discussion with @ElonMusk and @Tesla as we work across indust‚Ä¶,3172,0,2020-03-21 23:20:50
486,"@business Idea: Hollow out the gigafactory, send out Tesla cars on automated round trip to NY, bring sick to gigafa‚Ä¶ https://t.co/e5O9R76Zwx",0,1,2020-03-21 23:20:48
487,"RT @web: A number of manufacturers are converting supply chains for essential tools.

1/ GM is building ventilators
2/ LVMH is making hand‚Ä¶",668,0,2020-03-21 23:20:47
488,"RT @web: A number of manufacturers are converting supply chains for essential tools.

1/ GM is building ventilators
2/ LVMH is making hand‚Ä¶",668,0,2020-03-21 23:20:46
489,@flatley_bill @notabigdeal111 @Tesla Nobody is upset by your car choices. We're laughing at your confidence in the‚Ä¶ https://t.co/MQ9tKxX8tx,0,1,2020-03-21 23:20:34
490,I wanna Tesla,0,0,2020-03-21 23:20:33
491,"RT @NorbertElekes: NEW: Tesla and SpaceX will distribute 250,000 masks to hospitals in need.",307,0,2020-03-21 23:20:31
492,RT @Medtronic: Addressing #COVID19 is a group effort. We are grateful for the discussion with @ElonMusk and @Tesla as we work across indust‚Ä¶,3172,0,2020-03-21 23:20:30
493,"RT @web: A number of manufacturers are converting supply chains for essential tools.

1/ GM is building ventilators
2/ LVMH is making hand‚Ä¶",668,0,2020-03-21 23:20:27
494,"RT @NorbertElekes: NEW: Tesla and SpaceX will distribute 250,000 masks to hospitals in need.",307,0,2020-03-21 23:20:25
495,RT @Keubiko: People will be shocked how quickly Tesla‚Äôs cash evaporates. Accounts Payable for a growing auto OEM is a huge source of cash.‚Ä¶,21,0,2020-03-21 23:20:24
496,RT @Medtronic: Addressing #COVID19 is a group effort. We are grateful for the discussion with @ElonMusk and @Tesla as we work across indust‚Ä¶,3172,0,2020-03-21 23:20:22
497,"We're having our annual meeting - virtually. Anyone want an awesome, collectible Earth Day 2020 t-shirt?‚Ä¶ https://t.co/7MUphVNS1s",2,6,2020-03-21 23:20:22
498,RT @Q_Review: @FoldableHuman Elon pisses me off because he's obsessed with being seen as the modern Tesla so he hires groups of people to i‚Ä¶,44,0,2020-03-21 23:20:10
499,RT @Medtronic: Addressing #COVID19 is a group effort. We are grateful for the discussion with @ElonMusk and @Tesla as we work across indust‚Ä¶,3172,0,2020-03-21 23:20:05
