0,10 Tips to Work From Home in a Coronavirus-Plagued World @themotleyfool #stocks $ZM $WORK https://t.co/ZEdGmnfvq4 #volt #WFH,0,0,2020-03-25 23:36:05
1,"Evening Most Tweeted Big Caps, check out Gambiste Top 10: $ROKU $TSLA $WYNN $SQ $BA $TWTR $TDOC $ZM $TGT $DAL https://t.co/k3uyuEbRpJ",1,2,2020-03-25 23:21:48
2,@RareSterling He's an absolute moron. $ZM will be back to sub $100 by Friday. Absolutely a pump and dump sham of a company. #Cramer is a total sham as well https://t.co/ln8H0OcTvV,1,0,2020-03-25 23:18:09
3,"Core position is $GILD and holding $VIX April calls as a potential hedge as I go back &amp; forth on 1-2 day trades.

Holding small positions in $SPX $BA $ZM $TDOC long. 

Taking profits and rolling out to further dates plus selling upside calls where applicable.

Stopped $TLT $FXE.",0,17,2020-03-25 23:14:14
4,BBs StockHaven ‚Äï ClayTrader: * * $ZM Video Chart 03-25-2020 * * https://t.co/oEUsoaJSww üî• via‚ü∂ https://t.co/XWFpQbU4uP,0,0,2020-03-25 23:02:32
5,"Cramers Top picks .. On CNBC now

$ZM $ZS $CRWD $TDOC  !!!!!!",3,27,2020-03-25 22:57:18
6,$ZM needs more AI https://t.co/aIpqSqBfVb,0,1,2020-03-25 22:52:49
7,"It is Wednesday, so I am taking chart requests for tonight. Drop your requests below!

$spx $spy $iwm $qqq $work $roku $tlt $tsla $uber $aapl $amzn $amd $shop $sbux $dis $fb $goog $rcl $lk $zm $cost $wmt $cmg $ba $baba $bynd $nflx $nvda $mcd $mu $msft $clx $ccl $vix $vxx $zm $ma",0,5,2020-03-25 22:52:37
8,$ZM is one... https://t.co/6W9p7x520y,1,4,2020-03-25 22:49:57
9,Cramer pumps people into $ZM at these levels üòÇ It‚Äôs way too late. Some of my ZM contract trades. Mad Money Who? üëç ZM was a great trade back when it was $70 no it‚Äôs done for me... Thanks ZM üßê The Magic all starts with .20 contracts. https://t.co/rjlkwuKpOX,1,3,2020-03-25 22:48:49
10,$ZM typical retail garbage . ‚ÄúI think this stock is going to do well because my analysis‚Äù ... STFU,1,2,2020-03-25 22:39:58
11,$ZM insiders been dumping stock on this massive run up. What does that tell you?,1,2,2020-03-25 22:38:31
12,"IN TODAY'S RE-CAP FOR 03/25/2020 FROM PRE-MARKET NOTES

$ZM
BEAUTIFUL LONG IDEA TODAY
THE MOMENT THIS OPENED I WAS ALL OVER IT LONG FROM $138 I WANTED $147 AS TOPPING FOR SOLID 8-9 POINTS
STOCK ENDED UP AROUND $148 FOR A 10 POINT PUSH BEFORE TOPPING OFF!

https://t.co/YCrTNDhqBx https://t.co/zuLfY8URGN",1,4,2020-03-25 22:32:21
13,"TODAY'S PRE-MARKET RE-CAP FOR TRADES 03/25/2020
$TSLA SHORT 550--&gt;510--&gt;
$AAPL SHORT 258--&gt;244
$SHOP LONG 435--&gt;470
$SPG LONG 53-&gt;62
$HAPP SHORT 4.50--&gt;3
$WYNN LONG 66--&gt;79
$NVDA LONG 243--&gt;258
$BA SHORT 155--&gt;140--&gt;170
$ZM LONG 138--&gt;149
$DAL LONG 28--&gt;32
https://t.co/YCrTNDhqBx",1,5,2020-03-25 22:21:23
14,"@Ian_M_Easton Whoops. Looks like the CCP is able to literally record everyone‚Äôs conference calls and store them forever... And no, of COURSE the company and China will deny this, but they will also not allow a code audit. #zoom $ZM #skype",32,66,2020-03-25 22:20:31
15,On our Top 50 Bullish List today: $BAR $MRNA $ARQT $BMRA $IOVA $CTSO $NVDA $AVDL $ZM $FNV ... https://t.co/bmSgeqOsST,1,0,2020-03-25 22:14:00
16,Watch this space üëáüèº. $ZM @zoom surveillance is already mind-bogglingly expansive. How does the panopticon look when $TCEHY known for their flagrant cross-platform data aggregation gets into the biz? https://t.co/q78sxMYfzm,1,1,2020-03-25 22:06:00
17,Initial zoom experience - terrible program. Can't even make an account because their email is broken. Get some more servers $ZM.,2,2,2020-03-25 21:52:11
18,"The whole thing sounds a lot like online gaming lobbies: multiple people trying to play different songs in the background at once and yelling over each other.

$ZM There‚Äôs No Zoom Party Like a College Zoom Party https://t.co/Q26pl4GpH8 https://t.co/U3x0mR8TaY",1,3,2020-03-25 21:50:37
19,@jimcramer and @ReformedBroker look at us using $ZM.  It is allowing my family to sing to my daughter who turned 6 today. https://t.co/Vk2sBluTCc,0,0,2020-03-25 21:49:06
20,"Besides having the coolest name in the entire community, Kainoa is a shining example of ""hard work paying"". He did a great job of controlling the loss on $ZM which allowed for a very green day! Ready to start your journey? It begins here - https://t.co/kooGY2Orfs https://t.co/ANZEOmmkbg",0,6,2020-03-25 21:43:04
21,"@TraderKarthik You have a good sense . I remembered that I followed your pointveiw on $zm and it turns to be correct.
But I believe tomorrow it going to be  hard to predict. 
https://t.co/WlycydbSGj",1,1,2020-03-25 21:42:21
22,"Zoom Video, Teladoc Lead The Coronavirus Short Squeeze Candidates

$ZM $TDOC $GILD $MRNA $DPZ  

https://t.co/wgIVGBcvla",0,0,2020-03-25 21:24:46
23,"Another good day today, got smoked by the close. $tsla $ttd $spy $zm $wynn $work $sq $twtr $spce $plnt https://t.co/tU0sNG8Ko6",0,2,2020-03-25 21:24:05
24,$ZM was one of very few stocks went down yesterday; someone probably traded ahead of the article https://t.co/N2KtcsQVtH,1,1,2020-03-25 21:20:36
25,@RMarshSPark $ZM sex is so hot right now.,0,0,2020-03-25 21:14:00
26,@dovgalec @fulhack @twiecki Seems some people have been buying $ZOOM thinking it's $ZM ( the video conferencing company) because $ZOOM is 5yr all time High! Thanks to their name!,0,2,2020-03-25 21:10:31
27,"If You've Got $5,000, Buy These Five Top Stocks Right Now https://t.co/cyOxbv71UN $ZM $TDOC $AMZN $WORK $NFLX",0,1,2020-03-25 21:01:28
28,"$ZM
Shorting the fuck out of this dog shit stock.

https://t.co/8NVcz2T0Dk
@zoomus @ericsyuan",2,1,2020-03-25 20:57:04
29,@markminervini I noticed rallies in leaders fizzling follow through except $ZM which worked perfectly to book profit.   Retail investors getting pulled in trying to call a bottom.,0,0,2020-03-25 20:50:12
30,@fintechfrank $ZOOM or $ZM cause one is up 100% and the other is up 800% because people don‚Äôt know the difference,0,1,2020-03-25 20:47:26
31,@traderstewie Any new thoughts on $ZM @traderstewie?,0,1,2020-03-25 20:38:42
32,$SPY bad boys closed at 8.50. That wasn't a rug pull that was a hanging at the close. lol $ZM my clunker. I like to tattoo my losers in my head. $TLRY 500% at highs and these weren't too shabby. No one bats 100%. Tomorrow we look for new plays. https://t.co/cui23kOwfb,1,1,2020-03-25 20:27:52
33,"$CSCO $ZM 4 big biz.Webex opened a free sign-up &amp;service in response 2the virus outbreak drew 240,000 new subscriptions in the first 24-hour period. Cisco‚Äôs data policies are stricter than Zoom‚Äôs,important work that needs 2remain private will continue to take place on its system.",0,0,2020-03-25 20:25:49
34,"His unhappiness will be my lottery ticket to paradise.
@ericsyuan @zoom_us 
$ZM",0,0,2020-03-25 20:22:48
35,"Afternoon Most Tweeted Big Caps, check out Gambiste Top 10: $ROKU $TSLA $WYNN $BA $TWTR $SQ $TGT $ZM $DAL $ULTA https://t.co/k3uyuEbRpJ",1,1,2020-03-25 20:22:25
36,"$ZM Zoom with a nice inside day today, see if can test 8 ema tomorrow near 130 then reverse up off that level. https://t.co/HA13QThzyb",0,1,2020-03-25 20:22:20
37,$ZM Zoom Video Communications Inc. - Class A Option Order Flow Sentiment is 70.2% Bullish. https://t.co/qwLbEjHdCB,0,1,2020-03-25 20:18:13
38,@ericsyuan @ericsyuan we‚Äôre going to be making things like this happen a lot more at Cameo. Keep up the great work #happyshareholder $ZM,0,3,2020-03-25 20:13:38
39,"$ZM
Biggest POS stock I've ever seen.
$35B valuation? ü§£
Short to $50 APR50P 0.01 per share...
I'll get back to you when it's at $5.00.
#timestampthatasshole @KeithMcCullough @Hedgeye",0,2,2020-03-25 20:11:02
40,"@zoom_us @DukeMBB Thx @zoom_us, happy shareholder üìà $ZM",0,0,2020-03-25 20:10:37
41,"$ZM  4h
Nice triangular wave 4 forming.. https://t.co/kVmtkVizAe",0,3,2020-03-25 20:09:52
42,"@CNBC #CNBCPathForward Are $TDOC and $ZM really the future of how business will be done, or were these 2 companies just a trade off the Corona Virus epidemic?",0,0,2020-03-25 20:09:06
43,"Top #money flow today. Free stocks app https://t.co/B6pljuv3p6
$MSFT, $AAPL, $AMZN, $BA, $QQQ, $TDOC, $FB, $JPM, $VZ, $VOO, $SPY, $LQD, $T, $VXX, $NFLX, $BIL, $KO, $ZM, $MA, $TSLA https://t.co/N1H45swKdr",1,1,2020-03-25 20:01:56
44,"short squeeze leaders scan $TDOC, $ZM, $EVBG #stocks #trading https://t.co/xuwhtwg6DV",0,1,2020-03-25 20:00:13
45,sorry $ZM you can‚Äôt have commencement,2,2,2020-03-25 20:00:10
46,Adjust your earnings estimates $ZM https://t.co/NZDdPm9AWc https://t.co/H6REA2q69D,0,1,2020-03-25 19:59:40
47,"Googles ‚Äúhow to‚Äù

$ZM https://t.co/9bTqmpuNcV https://t.co/X9HwCdul5P",2,18,2020-03-25 19:57:41
48,$AAPL all out made $7.92 per share profit.   only holding $ZM let it ride.,1,31,2020-03-25 19:54:00
49,I'm not too big a man to share my $ZM virtual background screen with @ReformedBroker for his remote broadcasts from home. https://t.co/t1MVTzUIZz,0,1,2020-03-25 19:51:44
50,Using $ZM for social and educational purposes has been one of the most interesting emergent trends of late.,0,2,2020-03-25 19:46:02
51,insiders are dumping like crazy $ZM $TDOC i guess their like ...sold 2 u,0,0,2020-03-25 19:35:07
52,"""What‚Äôs more, the coronavirus has moved us ever closer to decentralized work, school and healthcare. And the winners of that shift are businesses that operate networks and cloud-based services that provide that flexibility.""  $FB, $ZM, $MSFT, $AMZN, $GOOGL",0,1,2020-03-25 19:32:21
53,$TLRY there we go. Hope you didn't get shaken. These are .60 200% from call. Makes up for $ZM. Afraid that one is a dud. Can't win em all. When I'm wrong I'm wrong. https://t.co/K3HAcUDpb2,1,2,2020-03-25 19:28:34
54,@Quarry_Rock Lots of schools are using $ZM Holding mine for now.,0,2,2020-03-25 19:26:08
55,"""The One Hot Sector in Today's Markets"" article on https://t.co/JqlpiGX99o
https://t.co/NExRqKzzo5

$DOCU  $CSCO $NVDA $ZM https://t.co/52KjMBL5lg",0,0,2020-03-25 19:21:53
56,"OK FOLK$,
Today's profit is $8,000 Acct val $577,000 with $250,000 in CA$H!
We're going into the last hour,
So I picked up some stocks like: $REGN $MDLZ $DIS $UBER $ZM $WORK $GLD $SLV $ENPH $DOCU $ALB $DPZ $KR and $ROKU but with some real tight stops! https://t.co/ooG7uNFRsh",0,2,2020-03-25 19:21:19
57,"$ZM lesson. What caused this to go up?  IF that catalyst is removed or lessened, what could happen to the stock?   Things to consider. #stocks https://t.co/mKBPXk9UsZ",2,11,2020-03-25 19:10:59
58,Long $ZM here - should continue after holding 4day ema and likely follows $TDOC,0,0,2020-03-25 19:06:23
59,"Top #money flow today. Free stocks app https://t.co/B6pljuv3p6
$MSFT, $AAPL, $AMZN, $BA, $QQQ, $TDOC, $FB, $JPM, $VZ, $VOO, $SPY, $LQD, $T, $VXX, $NFLX, $BIL, $KO, $ZM, $MA, $TSLA https://t.co/lFb7GkIokE",0,1,2020-03-25 19:01:42
60,"5 stocks that have generated the most mark-to-market losses for short sellers since Feb. 19:

$ZM -$710.1M
$TDOC -$703.4M
$REGN -$146M
$MRNA -$132M
$GILD -$125.7M",1,1,2020-03-25 18:52:51
61,$ZM now has a market cap larger than $UAL $AAL $DAL and $JBLU COMBINED - @carlo_versano,0,0,2020-03-25 18:47:41
62,$ZM get out,0,0,2020-03-25 18:38:12
63,@KDaimler $ZM to expect similar results as $TDOC. Not sustainable that high.,0,0,2020-03-25 18:36:39
64,"$ZM, $GOOGL, $CSCO, $ZS, $CRWD, $NKE, $JNJ, $AAPL, $FB
What can be bought? What must be sold? @JimCramer takes a look:  https://t.co/JtqyQTOUTB",23,79,2020-03-25 18:34:19
65,$TDOC housed and $ZM sagging all day off highs,0,1,2020-03-25 18:34:12
66,Alex Vieira Calls Best Stock Rally Since 1933 After Calling the Worst Crash since 1987 $DIA $SPY $QQQ $ZM https://t.co/3xPUJBdfYQ,1,0,2020-03-25 18:34:08
67,#estate asset watch - the large caps of trading Wednesday - $AAPL $BA $TSLA $AMZN $MSFT $FB $NVDA $GOOGL $AMD $GOOG $BABA $JPM $V $DIS $MA $BAC $NFLX $DAL $ZM $MU $BRK $UNH $NKE $XOM $SQ $HD $INTC $T $WMT $SHOP $ROKU $AAL $KO $VZ $RCL $CVX $CMCSA $UBER $CRM $GILD $MCD $SBUX $C https://t.co/hOOrWQc3GT,0,2,2020-03-25 18:32:16
68,Wait until we integrate Zoom $ZM video chats with virtual reality headsets. That's when shit will get real weird. https://t.co/JyM224Hz1N,0,0,2020-03-25 18:32:11
69,"@HFMajorTom When u search for Zoom on Robinhood, it only offers u $ZM. No errors can be made",0,1,2020-03-25 18:31:50
70,$zm move your ass up bitch,0,0,2020-03-25 18:26:43
71,"Only 6 more days for your chance to win $2,000,000 in funding from @sequoia, @emergencecap, @mavenvc, and @HorizonsHK for the best @zoom_us app! #Zoom $ZM

Apply now: https://t.co/GtEw078d3Q",6,7,2020-03-25 18:21:44
72,"@markminervini Your call on Zoom $ZM was right on, Mark.  I didn't buy it though but took note :)",0,0,2020-03-25 18:21:03
73,$ZM day not over but not the greatest looking inside day though. 10 EMA at 129.15 if it wants to test it.,0,2,2020-03-25 18:10:30
74,I hope someone joined in those trade that I just called $ZM $GILD https://t.co/lcVw1kV9tJ,0,0,2020-03-25 18:07:36
75,"Top #money flow today. Free stocks app https://t.co/B6pljuv3p6
$MSFT, $AAPL, $AMZN, $BA, $QQQ, $TDOC, $FB, $JPM, $VZ, $VOO, $SPY, $LQD, $T, $VXX, $NFLX, $BIL, $KO, $ZM, $MA, $TSLA https://t.co/eeGjolupRm",1,1,2020-03-25 18:01:29
76,Is $SAGE going to be the $ZM of #biotech as we deal with the #mentalhealth consequences of #selfisolation from #COVID„Éº19? Perfect candidate for a takeout. Pharma desperate for new #depression tx. https://t.co/2JLy31MvUS cc: @AAMortazavi @AndyBiotech @adamfeuerstein @_Superbrat_,0,0,2020-03-25 18:00:50
77,"we have $ZM &amp; $GILD hanging low here with the market rally, can we still get a dip?",0,1,2020-03-25 17:54:01
78,"$DIA  WEEKLY  Bullish engulfing !!!!!!

SEVERELY oversold 
Gap above 251.68
287.89  is #1 UNRESOLVED/filled gap

Gaps on indexes WILL always be resolved in time

$SPY $AAPL $MSFT $SHOP $EW $ZM $TDOC $TEAM $RNG $KLAC $AMD .....",1,2,2020-03-25 17:53:07
79,I‚Äôm currently number 521 in the $ZM chat support queue. I have no idea if that‚Äôs a good spot or not. Feels like not.,0,0,2020-03-25 17:50:59
80,$ZM Zoom Video shoutout from the Senate floor,0,0,2020-03-25 17:49:55
81,"Thank you @CashApp, being able to trade #stonks on your platform has allowed me to cover all my bills for next month! $BA $ZM $JBLU",0,0,2020-03-25 17:47:23
82,Come on $ZM move your buttt,0,0,2020-03-25 17:46:13
83,Morgan Stanley Raises Zoom Video Communications $ZM Price Target to $105.00 https://t.co/hscskVbjSE,0,0,2020-03-25 17:46:10
84,"With many folks WFH, how do video conferencing services compare via customer reviews?

Check out this Apteo workspace to see our rankings: #1 Zoom, #2 GoToMeeting, #3 Cisco Webex.

https://t.co/7QzC4jBmr8

#COVID19 #coronavirus #WorkFromHome #WFH $ZM $CSCO $LOGM #workingfromhome https://t.co/WeT6eyOO9u",3,5,2020-03-25 17:27:14
85,$ZM breaking down,0,1,2020-03-25 17:25:13
86,$ZS stock has been steady on the rise. It seems to have hit its bottom and it rising up even with the stock market at its current state. It continues to fly under the radar while people talk about $ZM $TDOC and $WORK https://t.co/GwQyigIg9f,0,0,2020-03-25 17:19:35
87,$ZM...consolidating nicely. Let‚Äôs see if it get‚Äôs close to $130... https://t.co/MBNeEF3gtO,0,0,2020-03-25 17:13:27
88,$ZM par will he challenged https://t.co/Cebn1xE8OB,0,0,2020-03-25 17:12:27
89,Sen. Cory Gardner just gave Zoom a shoutout on the Senate floor. $ZM,1,8,2020-03-25 17:11:33
90,"If You've Got $5,000, Buy These Five Top #Stocks Right Now  
@themotleyfool  #investing #telemedicine #videoconferencing #streamingvideo #ecommerce #collaborativeworking #telehealth $NFLX $AMZN $TDOC $ZM $WORK https://t.co/ivCsEMdOwu",0,5,2020-03-25 17:08:56
91,@mcieciorka Buy some $ZM,0,2,2020-03-25 17:04:12
92,"Top #money flow today. Free stocks app https://t.co/B6pljuv3p6
$MSFT, $AAPL, $AMZN, $BA, $QQQ, $TDOC, $FB, $JPM, $VZ, $VOO, $SPY, $LQD, $T, $VXX, $NFLX, $BIL, $KO, $ZM, $MA, $TSLA https://t.co/HGK3MIJu6c",0,0,2020-03-25 17:01:22
93,Zoom is trading at 50 times 2019 sales ... this is a completely irrational short term valuation $ZM,0,6,2020-03-25 16:58:48
94,@CNBC we can use $CSCO or $ZM for viewer call-in questions!! #cnbchalftime,0,0,2020-03-25 16:55:27
95,"$TEAM  H&amp;H ... AWESOME !!

To ATH and higher 

See my earlier posts !!!

$RNG $EW $DXCM $PODD $NVCR $INSP $ZM $TDOC ...",0,0,2020-03-25 16:54:56
96,"Approaching to #trading? Then you you want play serious, you should not miss this
#free #Webinar #studyathome $AAPL $BA $ZM #zoombombing #zoommeeting https://t.co/xmJPTFpJng",0,1,2020-03-25 16:52:37
97,"$SHOP H&amp;H and above MA50

MACD just Xover 

WEEKLY is a Morning star !
Next resistance on wkly $593.89

P&amp;F has $751 PT 

$RNG $EW $TEAM $ZM $TDOC $INSP $NVCR  #PODD $DXCM $TNDM .... $MSFT BTD!!! https://t.co/bZjfc2J8hA",1,0,2020-03-25 16:50:41
98,"$ZM still going strong. Zoom Video stock really blowing up. A existing platform getting more shine due to COVID-19. It had a bad day yesterday, but has already started to bounce back. https://t.co/3BU9YcJHUA",0,2,2020-03-25 16:49:26
99,$BA $ZM and $MMM wake up #MM,0,0,2020-03-25 16:47:18
100,"@FusionptCapital 1.  We admitted we were powerless over Zoom $ZM and our lives had become unmanageable.

2.  Came to believe that a power greater than ourselves could restore us to sanity.",0,1,2020-03-25 16:42:25
101,"Zoom is incredible.

Its the fastest growing SaaS Company 12 quarters after hitting $100m ARR ever.

Added $88m Net New in Q4'19 and now $752m ARR growing 78%

For Q1'20 with COVID-19? If it adds $100m+ in the next few quarters, $ZM will be $1b ARR in 2-3 quarters.

Wow. https://t.co/GxNFpJqJmn",6,30,2020-03-25 16:42:20
102,"@OphirGottlieb @BoostedCityzen when you have $zm in that list, I guess $zoom should go there too.....LOL",0,1,2020-03-25 16:35:10
103,"A few recent high growth SaaS IPOs still trading near or less than IPO price

$ZM being the obvious exception üòÇ

https://t.co/8RrJHbHumL https://t.co/rYzXeyBkJZ",1,15,2020-03-25 16:34:24
104,#DowJones roars to new session highs as $2 trillion coronavirus stimulus bill gets closer to approval #stocks #investing https://t.co/z17x6DrX8e $BA $NKE $ZM $WMT https://t.co/4Q3AP2yWlB,0,0,2020-03-25 16:33:08
105,"Before the open. Pretty much spelled this entire day out. Right?

Love when I‚Äôm in flow with the market and see clearly. Trades work well and no headaches at all! $SPY $BA $CGC $ROKU $ZM $UAA $MGM $AAL https://t.co/gjMRZF76Ag",0,1,2020-03-25 16:32:34
106,"@BoostedCityzen $WORK $ZM $OKTA

No way.",0,13,2020-03-25 16:29:50
107,@OphirGottlieb Probably $ZM for sure..,0,1,2020-03-25 16:29:20
108,"Zoom Video Communications, Inc. $ZM is a San Jose, CA company that provides video-first communications platform that is looking to change how people interact. Its platform utilizes frictionless video, voice, chat, and content sharing...  https://t.co/24zMKKf2Y0",0,0,2020-03-25 16:21:45
109,"Midday Most Tweeted Big Caps, check out Gambiste Top 10: $TSLA $BA $SQ $TGT $TWTR $ZM $ULTA $DAL $BGNE $TDOC https://t.co/k3uyuEbRpJ",0,0,2020-03-25 16:21:37
110,"Today's Highlight from Pre-Market Notes 03/25/2020
$TSLA SHORT 550--&gt;510
$AAPL SHORT 258--&gt;244
$SHOP LONG 435--&gt;460
$SPG LONG 53-&gt;62
$HAPP SHORT 4.50--&gt;3
$WYNN LONG 66--&gt;77
$NVDA LONG 243--&gt;257
$BA SHORT 155--&gt;140--&gt;170
$ZM LONG 138--&gt;149
$DAL LONG 28--&gt;32
https://t.co/YCrTNDhqBx https://t.co/PeyKVQjWzO",0,5,2020-03-25 16:20:54
111,"Zoom Video, Teladoc Lead The Coronavirus Short Squeeze Candidates $ZM $TDOC $REGN $MRNA $GILD $DPZ https://t.co/SvwB0WvKET",0,1,2020-03-25 16:20:00
112,im w/weiss $ZM and $TDOC are bubbles created by the #panic #madness .. sold 2 u..,0,1,2020-03-25 16:16:55
113,@GerberKawasaki @jmarchese Can you imagine the server fees with all of these kids doing virtual happy hour who will never be paying customers of $ZM. Ouch...ü§ï,0,0,2020-03-25 16:14:54
114,"@GerberKawasaki @jmarchese Facebook would never buy Zoom when they could easily rip off exactly what they are doing. Once again, I stress to you there is nothing innovative about their service. We will touch base in a year on this topic. As of today $ZM price is $144 üòâ",0,0,2020-03-25 16:13:11
115,This was the correlation I was talking about in regards to $ZM &amp; $CSCO https://t.co/sFxgVwFnwW,0,3,2020-03-25 16:12:19
116,$ZM bounce off support https://t.co/nHXQOZtk9I,0,1,2020-03-25 16:09:44
117,Update: $GRUB is up‚Äîas is $ZM despite recent flubs. $MMM showing volume due to demands for masks.,0,0,2020-03-25 16:09:41
118,$ZM heading for a crash https://t.co/EVzUlyKL4a,0,1,2020-03-25 16:06:57
119,"Some #Zoom services are faltering under the pressure from a huge influx in remote workers. 

üìà Service disruptions are up significantly so far in March. üëâ https://t.co/otz9DjrP6n #ucoms #remotework $zm https://t.co/JCqnjYoVYC",0,0,2020-03-25 16:05:02
120,"Top #money flow today. Free stocks app https://t.co/B6pljuv3p6
$MSFT, $AAPL, $AMZN, $BA, $QQQ, $TDOC, $FB, $JPM, $VZ, $VOO, $SPY, $LQD, $T, $VXX, $NFLX, $BIL, $KO, $ZM, $MA, $TSLA https://t.co/fNB4kU689o",0,0,2020-03-25 16:01:15
121,"$DIA after the biggest day gains in history and 
Green today is VERY positive 

$SPY also higher high
$NDX light red .. not bad !!

$AAPL $MSFT $AMD $ZM $TDOC $RNG $TEAM $PODD $EW $DXCM...",0,0,2020-03-25 15:59:27
122,"""Three Stock Themes Perfectly 'Positioned' For Coronavirus Reality"" https://t.co/qMXkklal6M $CLIX $AMZN $BABA $WCLD $ZM $VEEV $CLOU $NFLX $GAMR $ATVI $TTWO",0,0,2020-03-25 15:58:48
123,"@jfahmy Funny... was talking to @AndrewThrasher about this the other day. 

Market down big = $ZM up big

Market up big = $ZM down big",0,2,2020-03-25 15:58:29
124,"@MartyChargin While I like both $TDOC and $MSFT (as well as $ZM), I can't in good conscience condone owning ANY #stock for a few weeks. I do, however, think all three will be much higher and market beaters  three to five years from now.",1,3,2020-03-25 15:57:59
125,"https://t.co/46SGAjl6KR New position in $ZM Iron Condor Sell 195 call, buy 200 put, buy 100 put, sell 105 call",0,0,2020-03-25 15:57:11
126,"(4 of 6)
Pharma: +0.66%; 10 of 18 Up (&gt;=4%: $AVDL $OCUL $RETA)
Software: +0.60%; 27 of 53 Up (&gt;=4%: $SPT $SMSI $ZM $TEAM $WORK $ZS $ENV $VRNS)
Electric/Util: +0.57%; 6 of 14 Up (&gt;=4%: $OESX $PLUG $TERP $BLDP)
Electronics: +0.40%; 4 of 9 Up (&gt;=4%: $WRTC $HMI)",0,1,2020-03-25 15:53:39
127,"üí•The Come Back Kid!üí• 
LET'S GO!

$500 Small ACcount: UP $521ü§ë
Big Account: UP $4500üí∞

Traded $TSLA

‚ú®Get a $14,000 Funded Account FOR ONLY $375üí∞
NOW ON SALE!!!
üëâhttps://t.co/ijwYXg0Pjoüëà

Join the $500 Challenge!

$SPY $SPX $TVIX $BA $BYND $SPCE $VXX $ROKU $RCL $TDOC $ZM https://t.co/wKPL1XvVId",0,19,2020-03-25 15:48:06
128,"@MarkTepperSWP Agreed. But the other side to that: cheaper now, people love the stock, small business loans, cash app, and news about their banking license. Small position but won't fall in love with my inventory dont worry. lol Thoughts on $ZM I have a small position. Just riding it for now.",0,2,2020-03-25 15:45:31
129,@JackDamn Same here. Very nice move even though I had this one on my core watchlist. Sidetracked by $ZM and $BA.,0,4,2020-03-25 15:44:44
130,"Two of the most over valued stocks i can find after looking at there balance sheets are $ZM and $SHOP but hey people keep buying, hope its just traders",0,1,2020-03-25 15:43:30
131,$ZM is back up! Many rejoice to the bounce back. The question is is it time to sell while you are up again or hold?,0,2,2020-03-25 15:39:46
132,$TSLA $ROKU $ZM  2 basically BE trades show why its important to get off 1st half profit exits....ZM was only winner....the BE trades were small gains,0,0,2020-03-25 15:37:40
133,#estate asset watch - most active options Wednesday - $AAPL $BAC $BA $TSLA $F $AMD $MSFT $AAL $FB $GE $SQ $NVDA $AMZN $UBER $DIS $ROKU $MU $DAL $BABA $NKE $CCL $SNAP $XOM $MGM $ZM $ET $T $INTC $SPCE $JPM $NFLX $WMT $RCL $SBUX $UAL $CZR $NIO $LYFT $C $BYND $GM $FCX $CSCO $KO $TWTR https://t.co/2hloYEIGJM,0,0,2020-03-25 15:36:07
134,$HTZ $DOCU $BA $LK $HUYA $SPCE $ZM watching and trading need VIX to drop - they key to a sustained rally (IMO) https://t.co/AN4w1yDFtB https://t.co/bXQ0tiOEU2,0,0,2020-03-25 15:34:54
135,FYI Morgan Stanley upgraded $ZM to 105.00 @AOTtrades,0,0,2020-03-25 15:28:34
136,"$AAPL moving higher is good for mrkt 

P&amp;F has $339 PT 

Double top b/o !

$QQQ $DIA $XLK $MSFT $AMD $DXCM $TEAM $RNG $ZM $TDOC ... $JD $GSX $COE .. https://t.co/BknZyQa0Yf",0,1,2020-03-25 15:26:45
137,"Swinging $PCG and $ZM

Potential PCG breakout Rn üëÄ #StockMarket #stockstowatch #trade #stock #breakout $spy #bitcoin",0,1,2020-03-25 15:20:45
138,"Unbelievable call by this man @AjTrader7 on $BA, #1 pick on the room.  
I messed up chasing $AAL and $ZM but made it all back plus some in Boeing.

He called a push and then IF it broke 148, take it lower towards $140. 

100% today boss https://t.co/c2IEwiDb9T",1,7,2020-03-25 15:19:41
139,"Ooh shieet it's only 11am!
$SPY $BA $SPCE $TSLA $ZM https://t.co/Pg606kjBMS",0,5,2020-03-25 15:18:25
140,"Today Top Flow in #StockMarket, Buy Flow and Sell Flow. $AAPL $BA $TDOC $JPM $VOO $LQD $VXX $BIL $ZM $TSLA $MSFT $AMZN $QQQ $FB $VZ $SPY $T $NFLX $KO $MA
https://t.co/5JE2nlrW3B https://t.co/GsFUfL4XDC",0,0,2020-03-25 15:17:23
141,"@dr_barnowl @hareemca @LagodaBrian @QuinnyPig I see Patrick Soon-Shiong is on Zoom‚Äôs board of advisors but it looks like they‚Äôre publicly traded as $ZM and isn‚Äôt a subsidiary of any corporation.

https://t.co/H3U9jk2uBC
https://t.co/n6cDclJ4zt",0,2,2020-03-25 15:11:00
142,$ZM 180... that‚Äôs the rating. Ready.,0,1,2020-03-25 15:09:21
143,"Round 1 of Stock Market Madness Starts Tomorrow. 
$ZM vs $WORK
LOGM vs DBX
$CRM vs $CHGG
$NFLX vs GOOG
$FB vs TWTR
DIS vs T
$MSFT vs ADBE
FEYE vs $AAPL
DOCU vs SMAR
CRWD vs ADP
LOGI vs DELL
$TTWO vs $ATVI
EA vs SNE
$ZNGA vs $NVDA
AMD vs SPOT
$MAT vs $HAS
https://t.co/yWrPkk68sc https://t.co/HTwQrJGh0K",1,2,2020-03-25 15:09:15
144,So far this morning has been good. Not real confident to go big yet. @SpartanTrading guiding us makes it easier! Thanks Boss! $ZM $TSLA $AMZN https://t.co/Jl3dNNs5K5,0,3,2020-03-25 15:06:43
145,"Rev: I‚Äôm surprised you haven‚Äôt traded $ZM or $TDOC, two IBD 99‚Äôers.  Buy high and sell higher, right in your wheelhouse.   @RevShark",0,2,2020-03-25 15:04:49
146,"$ZM  Hod

 Short Float12.79%

U lost your mind ?????

$TDOC $RNG $TEAM $SHOP $JD $GSX $COE ...",0,5,2020-03-25 15:02:32
147,"Top #money flow today. Free stocks app https://t.co/B6pljuv3p6
$MSFT, $AAPL, $AMZN, $BA, $QQQ, $TDOC, $FB, $JPM, $VZ, $VOO, $SPY, $LQD, $T, $VXX, $NFLX, $BIL, $KO, $ZM, $MA, $TSLA https://t.co/1gxlSPwgnx",0,0,2020-03-25 15:01:11
148,$BA $SHOP $ZM good strength today,0,8,2020-03-25 15:00:51
149,@Champagnephilly the $Zm is the zoom video communication inc,0,0,2020-03-25 14:58:07
150,"$ZM up, up, upitty",0,1,2020-03-25 14:57:41
151,@Champagnephilly my bad bro I was talking to my mom yeah I got 3 educational ones and 3 $Zm ones my she's the one getting it for me,1,0,2020-03-25 14:56:57
152,$ZM  u could have entered mid 145...a couple of entry candles 2min,0,0,2020-03-25 14:56:31
153,$BA added shares dip was bought - $ZM $AMD $BA https://t.co/l4oK5y7SX1,0,0,2020-03-25 14:54:00
154,$ZM - nice opp for scalp - no trade for me though https://t.co/2KvvGm72hP,0,0,2020-03-25 14:53:38
155,Morgan Stanley likes Zoom $ZM @ $190 price target https://t.co/jkk1s3QAWC,0,0,2020-03-25 14:53:23
156,Looking good so far $zm breaking 148,0,2,2020-03-25 14:53:18
157,the long side other than $ZM  was going long counter trend .... maybe $SHOP intraday pull back,0,0,2020-03-25 14:53:02
158,"$ZM Up 13  148 and climbing. Hey, you gotta have a strong stomach to play the new stars. This is the new star of Wall St. Follow the volume. 200 next week. Yesterdays loss was a memory now. https://t.co/g7yiBu6LO8",1,4,2020-03-25 14:52:34
159,"Pandemic Plays: The Good, The Great, and the Ugly ( $TDOC,  $ZM, $BA) - https://t.co/bYnyxJFPw1 via @shareaholic",1,1,2020-03-25 14:52:31
160,$zm watching for 15 min candle close above 148. Has room to 155ish area imo.,0,0,2020-03-25 14:52:13
161,"thar she blows

$zm",0,0,2020-03-25 14:50:49
162,$ZM on the brink of intraday breakout.,0,0,2020-03-25 14:50:43
163,$ZM  . Huge area needs to build 148 to possibly explode 151 &amp; 154 measured channels,0,3,2020-03-25 14:50:38
164,the pattern is easy $ZM,0,0,2020-03-25 14:49:08
165,"$TDOC $148 is a good entry for long play
$ZM nice daily look, $155 breaks, it explodes to ATHs
$BA $151 clears we see $155, $161ish gap fill then $197-200 
$SPY $240 hold key and $250 breakout spot for $256",2,9,2020-03-25 14:48:43
166,"$SPY $DIA $AAPL $AMD $ZM $TDOC $RNG $TEAM $SPCE $NAIL $TSLA $EW $DXCM $PODD ...

CAN NOT assume anything 
mrkt can close a lot higher... PM highs !

Just average in GREAT LT stks and will be rewarded",0,6,2020-03-25 14:47:07
167,$ZM working on ascending pattern,0,1,2020-03-25 14:46:43
168,@AndrewBrandt @zoom_us $ZM is awesome,0,0,2020-03-25 14:46:08
169,"Added some $CTXS to fund at half size based on same perspective as $WORK - over +45% since add, $ZM over +30% since add. (Benefits of work at home &amp; the markets perception). Still looking to actively short big rip though. Volatility is too strong for now, fund still hedged.",0,1,2020-03-25 14:45:01
170,$ZM has made it to Sports Twitter. https://t.co/mrdNKzcXK3,0,5,2020-03-25 14:43:35
171,"$TDOC  Hammer forming !!

Bull flag forming !

ER WILL BE a blowout 
Can see that from links I posted

P&amp;F has $321 PT 

$ZM $TEAM $RNG $SHOP $NFLX .. https://t.co/koUow1uAPb",0,4,2020-03-25 14:40:37
172,"$ZM come one , need that 150 touch 1000%",0,2,2020-03-25 14:40:18
173,"Took profits in $BA this morning. 

Trimmed half of the $QQQ put credit spreads before the pullback. Out of all the 180/175 ones. Only hold 182.5/175 put credit spreads.

$ZM perky - holding small position. No adds.

Holding $VIX $TLT &amp; $GILD calls &amp; $FXE puts.",1,11,2020-03-25 14:39:15
174,I think $TWTR is an under reported sympathy to $ZM,0,1,2020-03-25 14:39:07
175,Big Gainer Alert: Trading today‚Äôs 8.2% move in ZOOM VIDEO COMMUNICATIONS INC. CLASS A COMMON STO $ZM https://t.co/kW8a0cK8jj https://t.co/Pk9IJgs5Oh,0,1,2020-03-25 14:38:26
176,"$ZM See ALL the people on CNBC 

Most people working from home

So?

Invest in STAY AT HOME stks

$TDOC $TEAM $RNG $SHOP ..",0,2,2020-03-25 14:36:44
177,Morgan Stanley sees $190 bull case for Zoom $ZM videoconferencing   https://t.co/KbOgEUc4Vd,0,0,2020-03-25 14:36:43
178,Morgan Stanley $ZM PT is at 190 and $WORK PT at 25. Much more room to grow in $WORK imo,0,1,2020-03-25 14:35:42
179,"@IBDinvestors @IBD_CGessel Can't break 148, which is 161.8% Fib extension $ZM",0,1,2020-03-25 14:35:08
180,$ZM  looks like the same charts every day???? LMAO,0,0,2020-03-25 14:34:53
181,$zm also awesome for school!!,0,1,2020-03-25 14:34:19
182,"$TEAM  bullish weekly chart . C&amp;H

Next resistance $149.80 then $156.12

RSI only 54.77 lots of room to go higher 

$RNG $ZM $TDOC  $SHOP $JD $GSX $COE .. BTD BTD ! STAY HOME stks",0,1,2020-03-25 14:34:06
183,$zm is awesome for workplace!,0,2,2020-03-25 14:34:00
184,$zm Can‚Äôt believe how awesome zoom is. Easy calls and formal!!,0,1,2020-03-25 14:33:26
185,$ZM  trades so far https://t.co/x594ImyR8Z,0,0,2020-03-25 14:33:15
186,$TSLA $NKE $WWE $ZM $ROKU oops guess I didn‚Äôt post this https://t.co/Inr0nwu5z8,0,1,2020-03-25 14:31:48
187,"$TEAM  H&amp;H 

Broke $140 level
so $160 180 200  next

P&amp;F has $179 PT !

will post chart later 

$RNG $ZM $TDOC   BTD BTD !!! https://t.co/Wi1URPAT6e",0,3,2020-03-25 14:27:23
188,"If the US economy worsens and China improves, who still wins: $AAPL, $TSLA, $ZM, $SBUX, etc?",0,1,2020-03-25 14:24:50
189,$SPY #SPY  Focus  I'm seeing good opportunities here on select stock. i.e. $ZM and more!,0,0,2020-03-25 14:22:55
190,"As we deal with the #Coronavirus realities try to work from home, here's some #comedy gold as we embrace $ZM #facetime @microsofttech and others.  @jimcramer @aztecs99 @Sarge986 @DougKass @TheStreet Hat tip to 
@BullandBaird 
https://t.co/WherTZ8iye",0,3,2020-03-25 14:20:21
191,$ZM freeroll sold 146.8 .....  saw 16K seller cross,0,0,2020-03-25 14:19:52
192,"Out also from $ZM . Quite stress free. I would claim:""done for the day"" . Thanks to @MyInvestingClub , going to watch last night (EU time) webinar . BTW @AT09_Trader happy to see you back! Take care bro https://t.co/UheKJTCNVF",0,10,2020-03-25 14:19:47
193,$ZM relative strength here,0,2,2020-03-25 14:18:46
194,$ZM - 148 ww for scalp - wild one https://t.co/qnxDIQvEXr,0,0,2020-03-25 14:17:30
195,Holding Zoom $ZM for another push to 155s by Friday,0,0,2020-03-25 14:15:58
196,"$ZM perk, $150 likely later. Should start forming a better pattern as it squeezes. 

a bit sloppy right now.",0,1,2020-03-25 14:15:21
197,Are we back to pumping $ZM and selling pretty much everything else?,0,1,2020-03-25 14:14:26
198,$ZM Buyer Beware: Zoom Video Is a Ridiculous Bubble https://t.co/ESy1dBqFQP,0,12,2020-03-25 14:12:25
199,"Hedge market? Short? Use Puts? cash? Treasuries? 

Nope. $ZM = The ultimate hedge. ü§îüòÇ https://t.co/0oIMSiXUmy",0,2,2020-03-25 14:11:17
200,$zm puts SOOOO tempting https://t.co/flj95dt7Pl,0,3,2020-03-25 14:10:16
201,"$ZM stock holding up well and is extended past its recent entry point. ""They've seen a huge increase in users recently because of the quarantine - for school, for classes, for working from home."" @IBD_CGessel
This stock remains on our coronavirus stock watchlist.

#IBDLive https://t.co/ImtNDk73TJ",7,17,2020-03-25 14:10:08
202,$ZM Morgan Stanley Maintains to Equal-Weight : PT $105.00 https://t.co/pB2gJUEnIY,0,1,2020-03-25 14:08:12
203,@Fritz844 @Biohazard3737 well i used the $ZM point as starting point - online collaboration vs in-person. That didn't happen with 9/11 or SARS. Otherwise I'd agree with you.,0,2,2020-03-25 14:07:24
204,"Stonk gods if you could do this to the $zm chart, that‚Äôd be greatttt https://t.co/UQpyoI5iCN",0,6,2020-03-25 14:07:21
205,"$ZM Zoom Video Stock Has Surged, and Insiders Sold a Slew of It https://t.co/4wYLNErnzp",1,6,2020-03-25 14:06:11
206,$ZM $MA best long side chart i am following,0,0,2020-03-25 14:05:43
207,Funny how $ZM runs opposite of $SPY,1,1,2020-03-25 14:02:07
208,"Quite good pay out on $NKE Playing in range now. ATR 6.44 , currently up 7.40$ on gap up  . Holding $ZM @MyInvestingClub https://t.co/IcQ02bOX54",0,0,2020-03-25 14:02:00
209,$ZM are you ready? added back $SPCE 20c at .55,0,1,2020-03-25 13:57:54
210,Should You Buy #Zoom #Stock Right Now? @themotleyfool  #remoteworking #telecommuting #videoconferencing #investing #COVID19 #coronavirus #stocks $ZM $MSFT $GOOGL $AAPL $^DJI $^GSPC $CSCO $GOOG https://t.co/GrMhZ7LVvZ,0,3,2020-03-25 13:57:30
211,$ZM bounced off uptrend support 15 min chart https://t.co/fYiVj4E9ic,0,0,2020-03-25 13:57:01
212,"$LOGM about to surge to close the #MergerArb spread ! 

#SocialDistancing factor here at play as well along with $WORK $ZM and $CTXS 

#bullish https://t.co/UIETzbGvKN",1,1,2020-03-25 13:51:31
213,"Optimus v4
2020-03-25 09:49 EST. *Closed/Sold:
$ZM at $147.17 for 10.73 profit (7.89%). Zoom Video Communications, Inc. (CORP).
Trade Id: 38756319003040411.
Stats: https://t.co/JZ1yafbugd",0,0,2020-03-25 13:51:14
214,"$ZM  hod. 
BULLISH harami !
P&amp;F has $289 PT !!

Cover your GREEDY shorts !!!!
$TDOC $RNG $TEAM ... https://t.co/ijdsNy7FwU",1,2,2020-03-25 13:50:45
215,"If $ZM has a permanent material increase in utilization, does it mean anything for future airline utilization?

""I'm used to just doing Zoom now so I'll skip that flight hassle nonsense..""

Not saying will be widespread, but 2-3% on utilization moves the needle.",3,95,2020-03-25 13:50:04
216,using $ZM calls as a hedge for my $4k in $SPY puts &gt;,0,1,2020-03-25 13:49:58
217,$ZM wants 150/151 on this channel https://t.co/f6Yy9pO7En,0,0,2020-03-25 13:48:42
218,"$ZM back into the momo world today.

Long bias.

$150 mag is doable.",0,0,2020-03-25 13:45:11
219,Rose Above Upper Bollinger Band today: $ZM $MEDS $HMI ... https://t.co/AyIukUGmib,0,0,2020-03-25 13:44:12
220,"Watchlist for 03/25/2020

- $SPY $AMD $AAPL $DAL $GOLD $IMAC $ZM $ASTC $CTSO $HAPP -

#stockstowatch #stockmarket https://t.co/4sfZPvowLE",1,1,2020-03-25 13:43:25
221,"@jimcramer 
You should disclose you own $zm for as much as you pump it..
@CNBC",0,1,2020-03-25 13:40:54
222,$ZM Beasting. 155 target today,0,1,2020-03-25 13:39:52
223,$ZM  should have taken it down 141+,0,0,2020-03-25 13:37:19
224,$ZM not going to enter trade due to the move,0,4,2020-03-25 13:36:44
225,"$ZM hod !!

BTD BTD BTD  it's a gift !

$TDOC $RNG $TEAM .. same BTD !!!",0,3,2020-03-25 13:36:09
226,"$CURR CURE Pharmaceutical Secures Chinese Patent on its Oral Thin Films to Treat Erectile Dysfunction https://t.co/MqLAgtDodv @frontpagestocks 

$MIST $MFA $NYMTM $IVR $BXRX $NYMT $TWO $RWT $ARI $RTTR $WMC $EFC $NOVN $SPTN $MITT $CDEV $AHT $PFMT $ANH $ZM $NRZ https://t.co/vNpBQ0KQ8z",0,0,2020-03-25 13:34:16
227,"$CURR CURE Pharmaceutical Secures Chinese Patent on its Oral Thin Films to Treat Erectile Dysfunction https://t.co/ehjy2dCatn @frontpagestocks 

$MIST $MFA $NYMTM $IVR $BXRX $NYMT $TWO $RWT $ARI $RTTR $WMC $EFC $NOVN $SPTN $MITT $CDEV $AHT $PFMT $ANH $ZM $NRZ https://t.co/qAikYQCKxd",0,1,2020-03-25 13:34:04
228,"üí™ Wall St Solver Power Rankings üí™
ü•á $ZM ‚ñ™Ô∏è Zoom Video Communications Inc. Class A
ü•à $AMZN ‚ñ™Ô∏è https://t.co/YJ0zftNqcc Inc.
ü•â $TSLA ‚ñ™Ô∏è Tesla Inc
Rankings ‚û°Ô∏è https://t.co/Kwu6r1EkES
https://t.co/Kwu6r1EkES",0,0,2020-03-25 13:31:20
229,Good morning stock fans another day another opportunity to trade'em well.  Starting the day here with 3 longs $AAPL $AMD and let it ride $ZM,1,10,2020-03-25 13:29:00
230,"Hit that Notification so you can get notified when I Post My List!

My Pre-Market Watchlist and Game Plan!
$TSLA - RANGE
$ZM - Weakness
$RCL - Stimulus

Detailed Notes:
üëâhttps://t.co/AHKUEPDi7Süëà

Like and Retweet Appreciated!

$SPY $SPX $TVIX $MA $CCL $AAL $RCL $BA https://t.co/PeZSrmx4pC",0,4,2020-03-25 13:26:21
231,"Good morning out there.

Prem burn Weds so be mindful. Big WL for today as I always trade slow on Weds.

$NFLC $ZM $AAPL $NVDA $ROKU $PINS $BA $BYND $AA $BIG $SHAK $GOOGL $ORCL https://t.co/rQtGHvaiJc",0,0,2020-03-25 13:22:16
232,WATCHLIST: $MGM $ZM $GILD $TGT $RCL $BA  $NKE,0,0,2020-03-25 13:21:08
233,When needing to have a virtual face-to-face meeting the difference between Zoom ( $ZM ) and Skype or other video chatting that has been around for years and comes pre-loaded on pc's.,0,0,2020-03-25 13:18:59
234,"#JimCramer this morning is a cry baby. The guy could not participate in the 2000 point rally and is presenting defense to his #ActionAlertPlus club members. He is pitching $ZM which has ridiculous PE, and when the world is going back to working in office in the matter of weeks.",0,1,2020-03-25 13:18:31
235,$ZM BULLISH over $146,0,0,2020-03-25 13:17:31
236,Today we have 12 upgrades &amp; 21 downgrades to start the day. Get unbiased technical analysis on https://t.co/3ZIM7m2Xbo covering 3334 #stocks &amp; #ETFs before you trade.¬†Top #SecOp reports: $AAPL $SPY $MSFT $BA $NVDA $AMZN $ZM $TSLA $AMD $DIS https://t.co/jfjKRW0ddh,0,0,2020-03-25 13:15:00
237,Main watchers for bounce at confirmed support: $JBLU $ZM $RCL $KO $SPCE $NCLH $MGM $ERI,0,0,2020-03-25 13:13:53
238,#TopWatch for me today: $NKE $UBER $CCL $ZM $FB all potential long positions,0,1,2020-03-25 13:09:54
239,"SR PLAN
Markets look to open relatively flat with this high vix. 
$BA weak open long or parabolic short 166 ideally
$CGC weak open 13 remount
$ROKU failed shove short
$ZM nice blow off Monday failed rallys
Bounce continuation watch:
$UAA
$MGM
$RCL
$AAL
$XOM
$HLT",0,0,2020-03-25 13:02:14
240,"I'm impressed with the Webull app! I can trade stocks, ETFs, options, and soon crypto! Get started with two free stocks, one for opening an account &amp; the other for funding it with any amount! $GOOG $AMZN $SHOP $MSFT $AAPL $NFLX $TSLA $ZM $WORK $DOCU $ADBE https://t.co/YABoCzrrhD",0,0,2020-03-25 13:00:14
241,"$SPY $DIA $IWM $AAPL $MSFT $AMD $ZM $TDOC $RNG $TEAM $EW $INSP $DXCM $PODD $TNDM ..

Boom coming after ""unparalleled shock"" -",0,1,2020-03-25 12:57:21
242,"Watching long:  $RCL $SPCE $NCLH $CUK $MGM $BA $KO $CCL $AAL $SAVE $ZM $ERI $JBLU
Same as all this week: Taking the small gains in the chop and if it doesn't go up right away, take it off. Stay sway from the prior close for entries.",0,0,2020-03-25 12:49:33
243,Agreed ! But it‚Äôs a story stock for now and most of the world will be using it over the next few months until the virus issue is resolved. Downloads up 1270 % in the month. Enjoying the ride for now $ZM https://t.co/45YIcMaHq1,0,0,2020-03-25 12:48:33
244,"@KenNgan3 $ZM yday mrkt up huge. Traders took profits and moved to others to make quick profits

Up this morning 

GREAT LT story 
ER going to be BLOWTOUT .. no question about that to me. 
Same with $TDOC $TEAM $RNG ,,.. $JD $SHOP .. STAY HOME stocks

GL!",0,1,2020-03-25 12:47:01
245,"Good Morning Traders Some Tickers that have my interest this morning:
$TSLA
$SHOP
$HAPP
$AAL
$DAL
$WYNN
$BA
$SPG
$ZM
$TTD
$NVDA
$AAPL
$NFLX
To name few plays
Currently have 57 on MY list narrowing it down to the Final 12 for Clients Going to Be Fun
JOIN US
https://t.co/Lp58JbFkKW https://t.co/T9mFGopx6L",0,2,2020-03-25 12:43:33
246,"$DIA $SPY $QQQ $IWM $ZM $TDOC $RNG $TEAM $AAPL $MSFT  

Futures turn negative after big gains
https://t.co/Bx20018Njg
Up by nearly 3% for most of the night, stock index futures turned negative moments ago following Tuesday‚Äôs historic rally.",0,0,2020-03-25 12:43:32
247,"My youngest brother went from getting homework online to having class with his teacher and classmates via $ZM with a video camera and microphone 

Welcome to the future",1,47,2020-03-25 12:39:58
248,"""downloads for Zoom increased by 1,270% between February 22 and March 22"" What You Need To Know About Using Zoom via @forbes https://t.co/tmmOtCczid $ZM @gerberkawasaki",0,1,2020-03-25 12:36:02
249,"@luchoffender @jimcramer $ZM was to sell at 160, buy back at   $100",0,2,2020-03-25 12:30:32
250,"$VERB #TradeShow #LiveEvents #EventMarketing #YouTube #Facebook $ZM #LiveWebcast #LiveWebCasting #COVID19

VERB is releasing the new #LiveShopping &amp; #Webinar #SalesTool early to help the #Coronavirus #StayAtHome initiative!

https://t.co/cKljdVEoeK https://t.co/Y1nK18X48Y",1,1,2020-03-25 12:30:00
251,"Morning Most Tweeted Big Caps, check out Gambiste Top 10: $TSLA $BA $ABB $SQ $DAL $TWTR $TDOC $ZM $WORK $CNQ https://t.co/k3uyuEbRpJ",0,0,2020-03-25 12:21:26
252,"@MartyChargin @homelandcom @homelandcom Regarding $ZM and $TDOC, I‚Äôve noticed a trend that they tend to sell off hard when the market goes up strong and vice versa.",0,3,2020-03-25 12:18:30
253,"Curated links, select charts/tables and corresponding #ETFs 

$NVDA $SOXX $XSD
https://t.co/4hX32ny7wq

$AAPL $ESPO $SPY $NERD $HERO
https://t.co/4odOglJSgp

$ZM $WCLD $SKYY $CLOU
https://t.co/oCuypNDf3W

$NKE $XLY $IYK
https://t.co/GsQSN6Bxfi

Signup &gt; https://t.co/2SJJ1Eza2j https://t.co/lUItN9Wov7",0,2,2020-03-25 12:14:56
254,@homelandcom $ZM I was going to use ZM as an example. But it is even further extended from trend line than TDOC. They are both likely to become more extended? Those are two leaders in this current environment... https://t.co/3d3EM5BgKa,0,4,2020-03-25 12:14:50
255,"The day begins with...

US equity futures are unstable, currently moderately lower, with (next fed chair) Bullard touting nonsense on clown finance TV.
Strength: $NKE $BA $ZM $VIX $TLT $CCL $UAL $AAL $MGM $TSLA 
Weakness: $ROKU $UBER $GOLD $WBA $TDOC
Have a good day ‚òÄÔ∏èüêª https://t.co/oH5Wumubf1",1,11,2020-03-25 12:08:35
256,"Premarket tickers on watch: $TSLA $BA $NKE $UAL $ZM $CTSO   

Pre-market breakdown everyday 8:00-9:30am EST. Breakdown of the Macro Environment, Market, Commodities, FAANG and then Individual names. Action plan for open, being charted &amp; written Live

https://t.co/63TBxT5R0E",1,2,2020-03-25 12:06:13
257,"@jimcramer $zm ZOOM, Jim! Zoom!!! What are we gonna do with Zoom? Buy, sell hold,??",0,0,2020-03-25 11:47:57
258,Unicorn Bay rating for $ZM is 1.61 out of 5. https://t.co/vQMgwi5Bxj,0,0,2020-03-25 11:38:02
259,"$ZM The way I see it, nothing has changed.

In case you missed it

""Unlike Apple‚Äôs FaceTime for iOS, Zoom is also available on Android and on any laptop."" via CNBC",0,4,2020-03-25 11:32:26
260,"$ZM Zoom is worth almost $38 billion as video calls explode, but experts worry about its security and privacy https://t.co/EwIYrTOa0b",0,0,2020-03-25 11:24:30
261,"$CSCO to $45 by next week? ü§ìü§´
$ZM looking over valued, I think investors look at other players in that space!

Personally probably play some naked calls strike price $45 April 3rd expiration. 

What y‚Äôall think? https://t.co/39zlhQePDC",0,0,2020-03-25 11:22:50
262,Coronavirus isn‚Äôt resolved anytime soon $zm demand worldwide and thru the roof. $tdoc the same. Both going much higher,1,2,2020-03-25 11:15:18
263,"$ZM Sell, sell, sell. https://t.co/9pyIKDL9QX",1,1,2020-03-25 11:11:55
264,"$2 trillion fiscal stimulus =

50 Zooms $ZM 

Not that much in that context.",0,1,2020-03-25 11:08:54
265,"These Growth Stocks Are Perfectly Position For a Country Staying Home.
https://t.co/8Bq3G0LYM7   #InvestorsAlley   $ZM https://t.co/FM3JkcPrFC",0,0,2020-03-25 11:02:02
266,Zoom Video Communications $ZM and Its Competitors Critical Analysis https://t.co/3kC9E745jO,0,0,2020-03-25 10:59:30
267,"Bursting Bubbles https://t.co/GepUktpEPI $SPCE, $TSLA, $ZM",1,0,2020-03-25 10:55:14
268,@ReformedBroker @TaylorLorenz $ZM Got crushed yesterday ... why?,0,0,2020-03-25 10:53:58
269,"Both names now set up to have dropped two straight sessions (including during massive rally yesterday)..

This is a very good sign. 

$SPX $ES_F $TDOC $ZM https://t.co/x6AYr7jiLq",1,1,2020-03-25 10:35:24
270,$ZM $TDOC down pre-market. They trade like $VIX https://t.co/nVyZWmWp0r,0,0,2020-03-25 10:28:10
271,Not sure what to do with $ZM? Explore our #fundamental pros and cons.  https://t.co/SvAucKcCf8,0,1,2020-03-25 10:27:02
272,$ZM  is rolling over.......  greedy pigs will now be slaughtered.......  it's probably coming in to rest at the $110 level,0,0,2020-03-25 09:59:11
273,What You Need To Know About Using Zoom $zm https://t.co/tdxN9TD2EY,0,0,2020-03-25 09:33:32
274,"Insider Selling: Zoom Video Communications Inc $ZM Director Sells 73,168 Shares of Stock https://t.co/vq73HT3ZrB",0,0,2020-03-25 09:33:11
275,"MS on $ZM :  most of that usage is free today

Yes?
No?",0,0,2020-03-25 09:16:33
276,"All 23 positions up to 50% gains so far ü§ë. It's tempting to sell some but I will stay with the plan and add to the positions. 
$GOOGL $DIS $SHOP $COST $ADBE $AAPL $NVDA $MSFT $TDOC $COUP $ZM $GILD $DOCU $AMZN $UAL $FB $V $BABA $AMD $TTD $SBUX $MCD $BA https://t.co/mEpRW3Ix2N",0,1,2020-03-25 09:02:03
277,Wondering about risks of $ZM? The 63-day volatility is 38.89% https://t.co/ubxbPEajgO,0,0,2020-03-25 08:22:02
278,"$VERB #LiveSalesTool @stevehiltonx @NextRevFNC #LiveWebinar #Livestreaming #LiveEvents #LiveStream $ZM #Coronavirus

VERB is releasing the new #LiveShopping &amp; #Webinar #SalesTool early to help the #Coronavirus #StayAtHome initiative!

https://t.co/cKljdVVZDk https://t.co/YeskPMvYXq",1,0,2020-03-25 08:10:54
279,"@markminervini Mark, you already said you liked $ZM. Which criteria didn't met that keep you far away from it?
As far I see your sepa requirement need some earnings.",1,0,2020-03-25 08:02:04
280,Do you know that #WallStreet price for $ZM is $105 https://t.co/SQehJg7o8L,0,0,2020-03-25 07:29:01
281,Explore #fundamental numbers and pros and cons for $ZM https://t.co/K5yR8OR1kF,0,0,2020-03-25 07:18:02
282,"$ctxs is all everything a #tech needs to remote login and $zm to hold meetings, $work or $team to post updates, $team to plan sprints #workingfromhome https://t.co/2Tk1ymbLER",1,0,2020-03-25 07:06:37
283,@TheBubbleBubble @baseballcrank Especially the people buying $zoom instead of $zm!,2,1,2020-03-25 07:06:10
284,We calculated 63-day Expected Return of $ZM for you: 117.11% https://t.co/wtYRHc5IM7,0,0,2020-03-25 07:00:02
285,@_marcba This is similar to a real scenario I had with buying Zoom shares last week! üòÇüò© $ZM üöÄ,0,0,2020-03-25 06:58:02
286,Wondering about risks of $ZM? The 21-day volatility is 33.45% https://t.co/ubxbPEajgO,0,0,2020-03-25 06:54:01
287,Ruh-roh- raggy it's $zm https://t.co/vN13pCPRVo,3,7,2020-03-25 06:32:43
288,"Comparing valuations:

$zm 
Zoom:                         $37.7 billion

Expedia
Royal Caribbean
MGM Resorts             $37.7 billion 
American Airlines        (combined)
AMC Theatres
Hyatt Hotels
Harley-Davidson
GoPro
Macy‚Äôs",0,2,2020-03-25 05:53:36
289,"Dear Mr Advisor,
We should buy $ZM !!! ü§¶üèª‚Äç‚ôÇÔ∏è https://t.co/2S9FpKlYiQ",0,1,2020-03-25 05:46:01
290,"Night Most Tweeted Big Caps, check out Gambiste Top 10: $TSLA $ABB $DAL $SQ $TWTR $BA $TDOC $WORK $ZM $CNQ https://t.co/k3uyuEbRpJ",0,0,2020-03-25 05:22:39
291,"üÜïMid-Week Review VIDEO 3/25: https://t.co/stBFbyBLqI

#MacroAnalysis #ES_F $SPY $VIX $VVIX $TLT $GLD $SLV $IWM $DIA $QQQ $SMH $QCOM $NVDA $MSFT $AAPL $NFLX $DIS $ROKU $AMZN $WMT $COST $HD $ZM $TDOC $GOOGL $FB $TSLA $NKE",4,6,2020-03-25 05:15:02
292,$ZM at hourly support,0,0,2020-03-25 05:10:33
293,@js_thorne Thx! Any stock particular u are watching from this list? Im watching $ZM closely,1,2,2020-03-25 05:07:52
294,"$ZM another swing winner for subs!

Alert price $76.94

Signup link in bio and bottom of chart.

Find momentum BEFORE it happens!

https://t.co/P9uKcEyrdX",0,0,2020-03-25 05:07:43
295,"New Forbes article out on $ZM 

‚Äúdownloads for Zoom increased by 1,270% between February 22 and March 22...That‚Äôs a total of nearly 17.2 million downloads on iOS and Android combined.‚Äù

Imo I think there is still quite some upside, even at these levels

https://t.co/DCFKf0wZ3g https://t.co/fPhFQohYj2",5,5,2020-03-25 05:07:00
296,Wondering about risks of $ZM? The 21-day volatility is 28.41% https://t.co/ubxbPEajgO,0,0,2020-03-25 04:58:02
297,CEO's visa to the US was rejected eight times prior to founding company. $ZM,0,0,2020-03-25 04:54:27
298,Lots of people in Italy are using Zoom to have virtual dinner get togethers. $ZM,0,1,2020-03-25 04:51:27
299,$ZM 27-Mar-20 ATM Implied Vol Falls -26.5%. Straddle Implies a Move of ¬±10.9% https://t.co/vH5Zb7uaGE,0,0,2020-03-25 04:37:54
300,"Best intra-day levels on StockTwits.
I do this DAILY. FOLLOW FOR MORE.

$ZM $VXX $SPY $SPX https://t.co/Aop9DMhbTc",0,0,2020-03-25 04:36:41
301,Is $AAPL still too mushy? The top #SecOp reports on https://t.co/3ZIM7lLmjQ read like a who's-who of what people are waiting to buy. use our unbiased technical analysis to know when it's time to get back in! Tuesday's list: $SPY $MSFT $BA $NVDA $AMZN $ZM $TSLA $AMD $DIS https://t.co/jgBw4XQo52,0,0,2020-03-25 04:29:00
302,"https://t.co/aqlR2mF3o1 over 1000% increase, within a month, in downloading $ZM app. Crazy.",2,0,2020-03-25 04:00:44
303,"My dad learning new tools for work. Brb, going all in on $ZM, $WORK https://t.co/G2Vs6PQ1Bx",2,26,2020-03-25 03:44:50
304,"Nice video showcasing some of the latest tools offered by TrendSpider which helps you find your edge in the markets

1) GapSnake
2) RainDrop Charts
3) AlphaTrend Anchored vwap
4) Anchored Volume by Price

$ZM $BA $SPY #TrendSpider @TrendSpider https://t.co/GaGmQPuZJ3",4,13,2020-03-25 03:39:11
305,"Tues (3/24/20) weakest final 30-min close (Min $5 &amp; Vol 750K, Opt Min Vol 500 in any strike): $DK $ZM $NLY $APT $AB $AGNC $ABBV $PLAN $THC $LVS $IOVA $KO $CNC $BYND $BPY $CERN $ERJ $CNK $KHC $CVM $JD $GRUB $LK $DEAC $TWOU https://t.co/aTdNVvEfA5",0,1,2020-03-25 03:35:37
306,"$CHWY is up more than $ZM in the past 12 days. 

What a wild time in the public markets. 

Who is doing the best analysis on the companies and categories being most positively or negatively affected?",3,49,2020-03-25 03:16:59
307,Over the last four weeks $zm stock has been a better proxy for gold than bitcoin. Going up or flat when fear is high and going down when the bulls come out.,0,11,2020-03-25 03:16:11
308,"i just got my #job via $ZM #interview last week 
https://t.co/C14UKzaTqu",0,1,2020-03-25 02:58:15
309,"Tues (3/24/20) highest % below OR 30-min low, Up/Avg loss of today's thirteen 30-min bars, G/L % in final 30-Min &amp; Trading range % (Min $5, Vol 750K, Opt Vol in any strike 500): $CNK $BXMT $MYL $ATVI $ZM $DK $NVAX $BPY $IMAX $ADBE $CVM $IBN $BDX $CGC $BOX $MPC $LVS $CBOE $ZNGA https://t.co/CSCm3gN25O",0,0,2020-03-25 02:54:36
310,"@Leve_raged seems zoom $zm went nuts on this correction, so it could well correct on the coming bounce... is it a negative correlation to this market, lol.... fundamentally, this is the type of company that still has a lot of room to grow... and probably even during",0,1,2020-03-25 02:48:18
311,"When you put it this way, I almost want to sell my $ZM.  üòî https://t.co/6zOucpCYKg",0,0,2020-03-25 02:39:37
312,Gonna focus on $ZM and $VIR this week,1,0,2020-03-25 02:39:21
313,"@Clownbuck @BillBrewsterSCG Like $ZM. Probably means it'll be trading with a 40 handle sometime in the next few days. Shit-bid @ 29.49 in case it breaks 30. Olympic news probably didn't help, but since we don't play in large caps, I admittedly have no flow color in this name.",0,0,2020-03-25 02:37:56
314,"Scan 3/25 

https://t.co/Y7TObocyhs

$PLAY $TDOC $ZM $AAPL 

Short list here, will have more plans outlined in room when I see whats going on premarket, so many opportunities right now that I don't want to be biased/married to anything. 

Catch you early!",1,6,2020-03-25 02:35:33
315,"@alphatrends Like I said, Gold can go higher, just think it is almost too obvious here, just like $ZM was so obvious and $TDOC was an all in thing. As a trader, you know Joe Granville used to say: When it's obvious, it's obviously wrong. Cant call the top but I can sell into it",0,2,2020-03-25 02:33:04
316,"$VERB #OnlineShopping #SellLive #ShopLive #Online #Shopping $ZM #Coronavirus

2 Months Free!
VERB is releasing the new #LiveShopping &amp; #Webinar #SalesTool early to help the #COVID19 #StayAtHome initiative! 

https://t.co/h4x3omIUCM https://t.co/dee0IgKkw6",1,1,2020-03-25 02:30:00
317,"A pullback as expected after a good homerun from yesterday, just checked short interest on Fintel, 23% on $ZM.

I can't wait to see a beautiful short squeeze in the upcoming days. https://t.co/eg92ElHS16",0,0,2020-03-25 02:27:29
318,"#GamePlan for Wednesday
*if strong, think $ZM, $TSLA long
*if weak, think $WYNN, $SPCE short
* #15ORB: $NKE, more tbd...
* #30ORB: $NVDA, $XLNX, $INTC, $LYV
* INSIDE #60ANCHOR: n/a
*The Go-To List",2,17,2020-03-25 02:18:37
319,@psk2329 You still think $zm can hit $185+?,0,0,2020-03-25 02:14:42
320,@jimcramer $zm and $tdoc seem to have diverged from the market as well,0,0,2020-03-25 02:03:47
321,"@Evilution84 @trevars But you absolutely want to make sure you invest in $ZOOM, not $ZM",0,1,2020-03-25 02:03:12
322,"$ZM $TDOC I predicted that these two would fall. They're both great stocks, especially TDOC but they were overextended due to the #coronavirus hype. That's exactly why I don't like buying stocks that get too hyped up. I would rather invest when something is more ""under the radar""",0,0,2020-03-25 02:00:04
323,"""Let's ZOOM tomorrow"" is the modern day ""Let's do lunch"" $ZM",0,12,2020-03-25 01:52:15
324,@nntaleb $zm and $work?,1,0,2020-03-25 01:33:25
325,"A few things that will change ..Social Distance Selfie sticks ü§≥, Plastic in $UBER . Zoom drink üç∏meet ups $ZM. 
Got any others?  leave a comment.. üëáhttps://t.co/tSd5LSZoDN",4,20,2020-03-25 01:31:37
326,"Meanwhile for essentials in a Covid world, I'll just wait at 100 below for $ZM.  If can't get again then so be it. https://t.co/tDSqKRMXsB",1,0,2020-03-25 01:16:32
327,"Top #money flow today. Free stocks app https://t.co/B6pljuv3p6
$AMZN, $SPY, $AAPL, $TSLA, $MSFT, $VOO, $QQQ, $GOOGL, $BABA, $DIA, $BA, $DIS, $NFLX, $CVX, $GOOG, $JNJ, $FB, $ZM, $BRK.B, $XOM https://t.co/J9U4yzaeTW",0,0,2020-03-25 01:01:16
328,"@DiegoIOO Airlines and an essential tool for business and travel, cruises are a luxury. I tend to invest long term in business that get used by business (airlines, $ZM, etc)",1,1,2020-03-25 00:52:09
329,This could easily be the next commercial for $zm @zoom_us https://t.co/Yf9AZuXWlx,2,1,2020-03-25 00:50:57
330,"@lightning_crest $ZM  It was overbought, and gaps like to be filled.",1,2,2020-03-25 00:50:57
331,Down stocks on Dow10%^day: $ZM $TDOC $NFLX $ATVI $COST $REGN $EA $CLX $KR: another exact regime flip: CoV&lt;&gt;not (resolved),0,0,2020-03-25 00:41:45
332,@NonGaap Think $INST could benefit from the turmoil at the schools - looks like a lot of schools are using Canvas + $ZM,0,1,2020-03-25 00:40:37
333,"@Mikes_Charts I‚Äôve entered today on 142 thinking it would hold. I got out, thinking i will get better price ~133 - my plan anyway... definitively watching $WORK $ZM $CSCO anything related to tech used from home/office in this crazy shifted world...",0,1,2020-03-25 00:30:53
334,"$ZM Even my realtor called me yesterday wondering if it was too late to get in. 
    Of course it was going to get smashed. 
   Bullish over 136 only https://t.co/JbOr0ruZZR",1,2,2020-03-25 00:28:15
335,"$ZM acting a little crazy. Any #stockmarket gurus wanna explain this?

#stocks #stockstowatch https://t.co/Sg5a9hxMxP",1,0,2020-03-25 00:24:49
336,"Nailed it. Another solid trading day. Expected a fade throughout the day based on gap. But that is the power of knowing when you‚Äôre wrong. Adaptability is the key to survival.

$ZM 140Ps 80% 
$CSCO 38Cs 50%
$GDX June 30Cs (swing, 300% total)
$MSFT 150Cs 120%

Loss: $AMD 35P -20%",1,2,2020-03-25 00:24:27
337,"Few Equity Highlights Today:

$CMG Long 40pts
$TSLA Long 30pts+
$UNH Long 10pts
$BA Long 7pts
$ZM ss 10pts
$CVNA Long 5pts+

Live Video Stream, Text Chat, Support &amp; Guidance In Outside Market hours
Entries Exits &amp; Stops
Stocks/Options
https://t.co/qCWGLNFO7F
30% off live: LV30 https://t.co/wTxWHxiBbX",0,6,2020-03-25 00:21:36
338,"If you bought stock in $ZM six months ago, you are ruling right now. Wow. https://t.co/7wM4M5fRMq",1,1,2020-03-25 00:20:13
339,"Yes, I ""get"" remote work, thematic investing, and not using valuation as a timing tool. But did sell our last $ZM shares today.",1,5,2020-03-25 00:19:24
340,@VO_1KChallenge Where are $ZM losses on there?,1,0,2020-03-25 00:07:39
341,"Day 15: $2k Challenge Update

Closed Trades: 
$ZM
Current Trades: 
$ABBV and $PYPL

YTD Totals: 
Trades Taken: 37
Winning Trades: 30
Losing Trades: 6
Open Trades: 1

Starting Balance: $2000 https://t.co/GIQ1jATiFt",1,5,2020-03-25 00:06:25
342,@PeterTrader99 @IcemanTrading It was weird. I may have held my $ZM and $AAPL calls for longer durations had the $VIX not been rising at the same time. The second I saw a reverse signal on each trade I bailed for small gains. Base hits add up. I just saw the futures go from green to red. News driven market.,1,5,2020-03-25 00:05:22
343,"What a day traders!

Made a few great moves today. Missed a few easy moves.

Several trades posted &amp; not posted today. $ZM, $NFLX, $BA, $AAPL $PFE $TWTR, $SPY.

Miss traded $SPY puts. Take that one on the chin. 

Straight up cash into tomorrow for more fun oppurtunites!

Cheers https://t.co/vTBx881Epu",0,2,2020-03-25 00:01:19
344,@SuperMugatu Nice plug! $ZM We have also found that it is superior to others in ease of use.,1,1,2020-03-25 00:00:19
