0,@Raider_JK @Roblox @FortniteGame @Minecraft It would have a valuation like $SHOP or $ZM.,0,0,2020-03-26 23:53:36
1,@VentiMochaTRex @AdamSchefter $zm and $zoom.  The second one because people are idiots.,0,0,2020-03-26 23:43:01
2,My portfolio. I‚Äôve been adding here and there the past few weeks. I began investing on Feb 4th. I‚Äôm down 3.42% overall. I‚Äôm planning to increase holdings by 35% $TTD $TSLA $PLNT $SPCE $TDOC $LK $LVGO $ROKU $SQ $YEXT $STNE $IRBT $ZM $DIS $TTWO $SPOT $WORK $TEAM $VEEV #coronavirus https://t.co/7rcN5q7tUy,2,10,2020-03-26 23:42:55
3,What's important is the sensors can't do videocalls teleconference without $SNE Sony sensors (controls over 51% of the market demand skyrocketing) but can use differ video apps and there TONS of them! Beware of $ZM zoom bubble $MSFT $CSCO $AAPL $GE $INTC $NOK $DELL $T $HP $SSNLF,0,0,2020-03-26 23:41:30
4,@litcapital odds he bought $ZOOM and not $ZM?,0,30,2020-03-26 23:38:13
5,$ZM getting ready to pull a $TSLA,1,8,2020-03-26 23:34:42
6,@TMFJMo interesting behavioral change I am noticing with my school age children. Everything is moving to $ZM. Teachers and friends are using it to communicate with each other. It‚Äôs also becoming a verb. My kids ask to ‚ÄúZoom‚Äù their friends. Similar to ‚ÄúGoogle‚Äù it.,0,0,2020-03-26 23:31:18
7,"ClearOne Now Offers Seamless Workflows by Integrating COLLABORATE Space Cloud-based Video App with Microsoft Teams

All ClearOne Cameras Now Zoom‚Ñ¢ Certified 

$CLRO $MSFT $ZM 

üìäüí≤",0,1,2020-03-26 23:20:37
8,@GerberKawasaki Australia will be in lockdown by the start of next week. Zoom zoom üôÇ $ZM,0,4,2020-03-26 23:09:48
9,"Scan results - 1,2,3 Pullback Bullish today: $ZM $VIR $BLPH ... https://t.co/fm0DwD37Y5",0,0,2020-03-26 23:09:03
10,@OphirGottlieb Starting to cooperate because $ZM is eating them for lunch when it comes to call / video / features quality ...,0,0,2020-03-26 23:03:48
11,"Plan of action for $ZM $WORK $AAPL
https://t.co/RKPa7l5gtP

#Options #Trading #OptionsTrading #Stocks #StocksToTrade #StocksToWatch #StockMarket $SPX $SPY $ES #liquidity #profits #MarketWatch #StockMarketCrash2020 $BA $TSLA $DIA",0,2,2020-03-26 23:02:05
12,"SOYMEAL closes within previous day's range: https://t.co/Guc6MyAlXm
Sentiment: Neutral $ZM $ZM_F",0,0,2020-03-26 23:01:38
13,@StockEnhancer Paid $zm bot spotted,0,0,2020-03-26 22:57:50
14,"$ZM Zoom Video Communications inc. 
Interesting stock. Everyone I know is now using Zoom if they are either working at home or organising personal catch ups. Has done well in the past month amongst the backdrop of #coronavirus 
#Nasdaq #SPX https://t.co/n5xKm8xgxp",0,0,2020-03-26 22:57:33
15,"Here's the Demo Replay.
#Sales #MarketingDigital $SHOP $ZM 
$AAPL
For All sales businesses &amp; people
@VerbTech_Co
#StayHomeSaveLives
https://t.co/gHuZst8mZc",0,2,2020-03-26 22:49:54
16,Funny but also pretty accurate... I would just add: ‚ÄúOMG! Why did I not buy this stock‚Äù ü§¶ $ZM https://t.co/a12Bd5VUgR,1,5,2020-03-26 22:41:54
17,@stoolpresidente buy $ZM and $WORK at the morning bell. Colleges are all going towards Zoom and Slack for online classes,0,0,2020-03-26 22:38:50
18,"$zm I know the guide for 78% growth this year I think it‚Äôs 200% at this point.
Anyone know what growth analysts expect now ?",0,0,2020-03-26 22:38:09
19,"It's a BEAR mrkt ?

$RNG    Perf YTD  29.13% Perf Year105.43%
$DXCM Perf YTD14.39%   Perf Year116.56%
$PODD Perf YTD  3.84%   Perf Year90.35%

$ZM  Perf YTD107.45%  Perf Half Y77.32%
Still a baby, not a yr old yet üòú

$TDOC Perf YTD90.52%  Perf Year213.54% üëåüëåüëèüëèüëèüåüüåü",4,15,2020-03-26 22:37:36
20,@webdevMason You have got to be very specific these days. Now is that $zm or $zoom?,0,0,2020-03-26 22:37:08
21,"$zm @zoom_us  So happy to see my 6 year old daughter using Zoom to go to school, it is so amazing even at my full time job we use it every day and a lot of people are really taking advantage of technologyü•≥ #coronavirus",0,1,2020-03-26 22:30:53
22,What if $ZOOM was really $ZM all along?,0,14,2020-03-26 22:30:19
23,@LeFondateur4 $ZM scam is going to crush all these morons buying it this week. https://t.co/w73qI4uj94,0,1,2020-03-26 22:22:35
24,@LeFondateur4 @jimcramer Yesterday that moron told other morons to buy it..He has no knowledge of valuations. What a joke. $ZM is 3-4X a reasonable value at the current price. Tomorrow might be a record sell-off after failing resistance 4 times this week. https://t.co/krWadeeyAf,0,1,2020-03-26 22:21:49
25,@jimcramer just pitched $csco webex over zoom $zm,1,1,2020-03-26 22:18:38
26,"$ZOOM mistaken for $ZM by a lot of novice traders:

https://t.co/RvwcorjIAp",0,0,2020-03-26 22:08:51
27,"$Zoom is up from $1 to $40 per share. But this stock is not Zoom!!

$ZM (actual zoom) is also up 106% since start of the year. 

Is the market efficient ? https://t.co/L4JN7vCMmv",0,0,2020-03-26 22:01:39
28,"The 1700 PE $ZM , class action lawsuits coming https://t.co/ZkFobd0SLi",0,0,2020-03-26 21:54:32
29,Zoom $ZM settled +2.2% to $141.15. M/t bullish. https://t.co/BZg9AG5UhP,0,3,2020-03-26 21:51:03
30,"Scan results - 1,2,3 Pullback Bullish today: $ZM $VIR $BLPH ... https://t.co/fm0DwCLx6x",0,0,2020-03-26 21:47:41
31,"In the last month % change:

- Blue Apron Holdings Inc. $APRN +413.66%
- Sears Holdings Corporation $SHLD +47.07%
- United Natural Foods Inc. $UNFI +44.68%
- Zoom Video Communications $ZM +32.06%
- GameStop Corp New $GME +30.09%
- Citrix Systems Inc. $CTXS +29.42%",23,46,2020-03-26 21:31:16
32,$LOGM $ZM $WORK #remoteworking  https://t.co/UwcowoMwCP,0,0,2020-03-26 21:25:56
33,$ZM still up and has potential. Defiantly a stock to hold for all of your ZM‚Äôers right now. Not you ZOOM‚Äôers. https://t.co/XzD2EEhPPi,0,0,2020-03-26 21:25:50
34,Chat $FB $ZM $WORK #chatting  https://t.co/fOpCtagI5q,0,0,2020-03-26 21:23:44
35,@TrueBubbleHead What do you think about $ZM for tomorrow? Looks extremely weak at this insanely overvalued levels. https://t.co/VNpYF0JAtw,0,0,2020-03-26 21:18:33
36,Once and for all guys $zm is not $zoom üòÖ https://t.co/BX5fYCQ5lS,1,2,2020-03-26 21:06:10
37,"How #Drones Are Defending Us From Above; Breakthroughs in #Tech and #Healthcare Sector From #Coronavirus (COVID-19) $DFLY.C,  $DFLYF, $SONA.C,  $SNANF,  $ZM, $RNG, $COST - @DraganflyInc @SonaNanotech @zoom_us  @RingCentral
https://t.co/NQZN938J78 https://t.co/SJKNGcRRhF",0,0,2020-03-26 21:00:31
38,"also, ought to halt $zm to be equitable about it

or simply inject a trade verification delay

something; seems a bit unfair",0,0,2020-03-26 20:55:47
39,"If You've Got $5,000, Buy These Five Top #Stocks Right Now  
@themotleyfool #investing #telemedicine #videoconferencing #streamingvideo #ecommerce #collaborativeworking #telehealth $NFLX $AMZN $TDOC $ZM $WORK https://t.co/ivCsEMdOwu",1,5,2020-03-26 20:48:16
40,This. $ZOOM Technology (which is NOT $ZM (Zoom) Video Conferencing Software) had to halt their stock trading because people confused it for the latter. https://t.co/1i9Vkg1jT6,0,8,2020-03-26 20:40:42
41,"Afternoon Most Tweeted Big Caps, check out Gambiste Top 10: $WORK $CCL $TDOC $ROKU $SQ $BA $OXY $TSLA $ZM $TWTR https://t.co/k3uyuEbRpJ",0,0,2020-03-26 20:21:38
42,I can‚Äôt believe that the $ZM $ZOOM confusion happened again. It went up 5-10x. More so than the IPO confusion.,0,2,2020-03-26 20:20:41
43,"@zoom_us $ZM TenCent made Voov Meeting free for up to 300 users besting Zoom by far. Also, Voov has better backend capacity. Zoom is beyond capacity and having serious issues now.",0,0,2020-03-26 20:17:42
44,Soooo let‚Äôs talk about today. I can not express how angry I was at this premium burn. Thank you MM. I would‚Äôve closed deep in green ü§Ø anyways I have not closed out all yet. Holding $SPY $MAR puts $ZM calls $FCX hedge which is green ovrall just red on day. (1/2) https://t.co/eAuOMZWUbr,1,1,2020-03-26 20:17:35
45,@zoom_us $ZM Why are you sending user data to Facebook?,0,1,2020-03-26 20:15:49
46,Zoom stock $ZM has run out of bandwidth during this three day rally. S&amp;P 500 +17.16% vs Zoom -11.54%. https://t.co/QxBV7dF7MP,0,1,2020-03-26 20:13:49
47,"@KozakHlib It can also fall... It's pathetically overvalued, beyond any rational logic. 70x revenue? Declining margins as they service people using free service... Total pump and dump scam. $ZM https://t.co/BUImP9dU4i",0,0,2020-03-26 20:10:55
48,Kind of a slow day but some winners: $zm $tsla $shop $uber $snap $dbx $bynd - excited for tomorrow,0,0,2020-03-26 20:09:54
49,"@CNBCJulianna Pretty sure $ZOOM saw a similar rise at the $ZM IPO, too.",0,0,2020-03-26 20:09:27
50,"Today's million dollar CALL #options trade:
$AAPL $AMZN $BA $COST $DAL $F $MAR $MA $MU $NVDA $TSLA $ZM $GLD $TDOC $UBER $VZ $BABA $BRK.B $HCA $MSFT ...
https://t.co/ORtVUPaBpX",0,0,2020-03-26 20:06:08
51,@RobInTheBlack Double inside day for $ZM üëÄ,0,1,2020-03-26 20:05:14
52,"@markets @bi1te ‚õìÔ∏è üìà

Zoom Video, #ZoomMeetings today are everywhere...

$ZM:  https://t.co/2sqxXmLI3x

Notice GRanularity of option prices:
up to $135 GR = $1, above GR = $5, which means what?

It looks like #fishing on part of exchanges 

#ainafinü§ù https://t.co/qt8zSpQpZ1",3,2,2020-03-26 20:03:32
53,Trading Ideas: $ZM can rise in the next days https://t.co/ILCq73xlvc üìà FREE trade-of-week via ‚Üí https://t.co/BCEHq7Ce2N https://t.co/I177KId25V,0,0,2020-03-26 20:02:02
54,"Friendly reminder that there is a difference between $ZOOM and $ZM
https://t.co/QwaZTBtJAZ",0,2,2020-03-26 20:01:27
55,"Breakthroughs in #Tech and #Healthcare Sector From #Coronavirus (COVID-19) $DFLY.C,  $DFLYF, $SONA.C,  $SNANF,  $ZM, $RNG, $COST - How #Drones Are Defending Us From Above; @DraganflyInc @SonaNanotech @zoom_us  @RingCentral
https://t.co/NQZN938J78 https://t.co/HxsfGUkGUp",0,0,2020-03-26 20:00:34
56,"short squeeze leaders scan $ZS, $ZM, $TDOC #stocks #trading https://t.co/7mgIaTjPiO",0,0,2020-03-26 20:00:08
57,Zoom shares user data with Facebook - Vice https://t.co/xncnelnv02 $ZM $FB,0,0,2020-03-26 19:58:34
58,$ZM can rise in the next days - #ZM chart https://t.co/ED3MdRWDQw,0,1,2020-03-26 19:54:54
59,$ZM - Zoom shares user data with Facebook - Vice https://t.co/lhxPDY0HYt,0,0,2020-03-26 19:54:12
60,‚òùÔ∏è $zm was ceeated out of stealing from $logm https://t.co/iNufcem8gb,0,0,2020-03-26 19:51:27
61,"$ZM, Stopping myself out if it gets over $141! Inside (1) day so I knew it would be choppy! Lots of inside days today and 3's on the week! Should make friday really interesting and exciting! #TheStrat",0,1,2020-03-26 19:50:12
62,"$ZM is trash.  
$ZM Morgan Stanley Maintains to Equal-Weight : PT $105.00",0,0,2020-03-26 19:47:54
63,@TraderIsaac I may sell some premium like a call above for tomorrow's expiry in $zm to collect some.,0,1,2020-03-26 19:45:27
64,Sold my APR17 150 calls on $ZM. Lost 32%. @traderDanielle @OptionsMike @johnscharts @SunriseTrader @TrendSpider,0,1,2020-03-26 19:44:39
65,@TraderIsaac I am bullish both $ZM and $TDOC. $TDOC looks ready if need be while $ZM may need 1-2 days.. that's all I was hinting.,0,1,2020-03-26 19:38:31
66,"$ZM $FB Zoom iOS App Sends Data to Facebook Even if You Don‚Äôt Have a Facebook Account - Vice

https://t.co/QvUPFOAaIi",12,11,2020-03-26 19:29:18
67,"Everyone on @RobinhoodApp is going to want a refund.

$ZOOM $ZM https://t.co/6SwGCEhYnS",1,0,2020-03-26 19:29:09
68,"We're seeing increased sales in tops, not bottoms...as people are spending their time on Zoom calls. -@Walmart EVP @danbartlett6 tells @YahooFinance. He also says the company has hired 30,000 employees over the last week alone. $WMT $ZM",0,11,2020-03-26 19:29:07
69,$ZM back in with 141/140 bull puts expiring next week,0,0,2020-03-26 19:24:00
70,"$ZM 10 EMA at 130.71 and 8 EMA at 133.01.. Still need price to catch-up with MAs... Inside day so far today. 

Inside down tomorrow before higher?",0,2,2020-03-26 19:23:08
71,@wboscoho @Webex Dunno. Haven't used it much in years. Last time I tried to use it it didn't work. And pretty much everybody is using @zoom_us right now -- at least in tech. I've had five CC this week and they have all been Zooms. $ZM $CSCO,0,0,2020-03-26 19:22:26
72,"'I'm terrified for what the #UnitedStates is doing right now,' says Tematica strategist on #Covid19usa. #investors, you be the one that sells, before our #politicians profit on our #loss again. $bioc $fcel $aapl $spy $spx $wmt $baba $tsla $tdoc $zm $nflx https://t.co/lhSYW6VQPJ",0,0,2020-03-26 19:10:36
73,"Note: $ZM sends your PII over to $FB even if you don't have a Facebook account. They send the PII if you are meeting with a therapist.

I stopped building healthcare software when HIPPA came out, so I don't know the details, but I can't imagine how this isn't a serious violation.",1,7,2020-03-26 19:09:17
74,#estate asset watch - the large caps of trading on Thursday - $AAPL $BA $TSLA $AMZN $MSFT $NVDA $FB $AMD $GOOGL $GOOG $MU $JPM $V $BABA $DIS $BAC $NFLX $MA $WMT $DAL $BRK $CCL $T $HD $XOM $SHOP $INTC $RCL $CVX $ZM $KO $ROKU $SBUX $C $AAL $COST $VZ $JNJ $SQ $BP $UTX $UBER $CVS https://t.co/vnnLf9mGcR,0,2,2020-03-26 19:06:32
75,"$RNG  H&amp;H and above ma50 
Ascending triple top b/o today

P&amp;F has  $285 PT!!

RSI rising to bullish zone and
MACD Xover !

Looking great !

$DOCU $TEAM $ZM $TDOC $SPY $XLK .. $IGV https://t.co/0LyWcBMUPH",0,2,2020-03-26 19:06:30
76,"How #Drones Are Defending Us From Above; Breakthroughs in the  #Tech &amp; #Healthcare Sector From #Coronavirus (COVID-19) $DFLY.C,  $DFLYF, $SONA.C,  $SNANF,  $ZM, $RNG, $COST - @DraganflyInc @SonaNanotech @zoom_us  @RingCentral
https://t.co/NQZN938J78 https://t.co/tY8Cd4mSV9",0,0,2020-03-26 19:00:38
77,And now we should see everyone buying the right stock $zm not $zoom üòÖ https://t.co/pYnMJEbWj9,0,0,2020-03-26 18:55:00
78,@NealEllis16 @traderDanielle @johnscharts @OptionsMike @TrendSpider @SunriseTrader What options you holding with $zm?,0,0,2020-03-26 18:52:45
79,How is $zm HIPPA compliant? https://t.co/2CRnuHR2U4,1,15,2020-03-26 18:51:31
80,The SEC suspended trading of shares in Zoom Technologies $ZOOM because people confused it with the much better known virtual meeting company @zoom_us $ZM. Shares of the now-halted Zoom Technologies more than tripled over the past five weeks. https://t.co/lns1W3VVJ4,1,0,2020-03-26 18:50:22
81,"""... infrastructure behind #Teams is #Skype, but it is a completely new offering...We don‚Äôt use #Zoom.""

#infosec Director of Tech Strategy talks #productivity apps &amp; ecosystems, #ZeroTrust &amp; legacy #DB to #cloudnative

Read more https://t.co/We3y9vncwK

$MSFT $ZM [not $ZOOM]... https://t.co/FrIGxZ416Q",1,2,2020-03-26 18:32:19
82,"How #Drones Are Defending Us From Above; Breakthroughs in #Tech &amp; #Healthcare Sector From #Coronavirus (COVID-19) $DFLY.C,  $DFLYF, $SONA.C,  $SNANF,  $ZM, $RNG, $COST - @DraganflyInc @SonaNanotech @zoom_us  @RingCentral
https://t.co/NQZN938J78 https://t.co/0zhaEkywu2",0,0,2020-03-26 18:30:24
83,This is why i $zm don‚Äôt meet anyone physically https://t.co/AUxUocfSmJ,0,0,2020-03-26 18:27:04
84,Contrasting Facebook $FB and Zoom Video Communications $ZM https://t.co/0Ee1AwnA14,0,0,2020-03-26 18:24:59
85,"Do we really think that $ZM is worth 1/3 of $CRM?

Somebody show me that DCF.",0,4,2020-03-26 18:24:50
86,"#USA not taking this #CCPVirus crisis as serious as it should. If we were smart, ALL #investors would #sell right now while we are ahead releasing the #power of the #people. $bios $spy $ba $baba $fb $amzn $goog $unh $wmt $tdoc $zm #WakeUpAmerica https://t.co/acyfxlrxek",0,0,2020-03-26 18:22:57
87,The SEC is trying to help those who are still confusing $zm and $zoom https://t.co/fxZ1f7SSFP,1,1,2020-03-26 18:22:10
88,"Were you trying to buy $ZM or $ZOOM? ü§£
#sheep #sheeplongs #idiotlongs #suspended #SEC #ZOOM",0,0,2020-03-26 18:18:25
89,"And it's a bargain, too! $ZM https://t.co/WX1fEeXKB7",2,14,2020-03-26 18:07:43
90,"TradeTips Welcomes New Mentors!

@CPtte

@CommodoreDFW

@2HarryBawlz

@JakeCatskill

Here‚Äôs some of the awesome calls Mentor Traders made on the app in the last few days.

Download #TradeTips

Android: https://t.co/nBk1ERTjVy
iPhone: https://t.co/0yXNzG4c3P

$XOM $ZM $HTZ $MGM https://t.co/EyXcew1h3l",2,6,2020-03-26 18:05:07
91,@W00fer @chronic Totally paid lolol $zm exposed,0,0,2020-03-26 18:03:47
92,$ZM chart looks ugly. I nibbled a bit more calls. Common position starting to get small,0,0,2020-03-26 18:02:50
93,"2/ Smart investors have a long-term view. Spoiler alert - we have not yet seen the bottom, but i do not know what the bottom will be considering how many people will be unemployed (demand destruction) and issues with the global supply chain. Time for a Zoom video $ZM plug???",0,0,2020-03-26 18:01:54
94,Not recommending $ZM to anyone just saying what I own.  I have over 127% cushion in it and raising my stops each time I get an appropriate level.  Still giving it lots of room.,0,26,2020-03-26 18:01:17
95,"Breakthroughs in #Tech &amp; #Healthcare Sector From #Coronavirus (COVID-19) $DFLY.C,  $DFLYF, $SONA.C,  $SNANF,  $ZM, $RNG, $COST - How #Drones Are Defending Us From Above; @DraganflyInc @SonaNanotech @zoom_us  @RingCentral
https://t.co/NQZN938J78 https://t.co/HPUu1nvglk",0,0,2020-03-26 18:00:32
96,Even had a short trade that I haven't taken for long time.   The bear suit is itchy scratchy.  All cash in trading account right now and only one let it ride investment in $ZM,0,8,2020-03-26 17:56:04
97,$zm teleconf is for 1/3 or US workforce a.k.a office workers. This pig keeps getting a tailwind.,0,0,2020-03-26 17:55:13
98,@marketminute What do you think of $ZM? Is it falling back to Earth?,0,1,2020-03-26 17:55:08
99,"@W00fer @chronic Woofer easy, we know $zm pays a lot of trolls to monitor its media presence but this is funny",0,0,2020-03-26 17:53:38
100,@realDonaldTrump @WhiteHouse Did you use Zoom? $zm,0,0,2020-03-26 17:49:49
101,"Weren't frontier stock markets like Sri Lanka #lka supposed to be the less efficient capital markets?üßê

$ZM vs $ZOOM

Efficient market hypothesis.  Not. üòÖ

@CSE_Media https://t.co/cK5QlRDfK9",1,2,2020-03-26 17:45:37
102,"@danshep55 um, plenty of people are working from home, shit everyone I know is now working from home (getting paid). ($ZM, $WORK), but the gyms are closed. Also so many people now using $ZM products.",0,0,2020-03-26 17:44:45
103,"$ZM, Inside Inside day! Took a position on the inside down 60m. Let's see if it takes the day 2-1-2 to the downside! Will hit it again under 136.17! #TheStrat",0,0,2020-03-26 17:41:31
104,"$ZM Chart looks good here.  If you are not already long, it seems to be holding that latest support level and if we get a late day market fade and red day tomorrow, you could see a move back into the virus sector.  Solid r/r here.  @AOTtrades https://t.co/BKF7fRLjTc",0,3,2020-03-26 17:40:30
105,"Breakthroughs in #Tech and #Healthcare Sector From #Coronavirus (COVID-19) (CSE: $DFLY.C) (OTCQB: $DFLYF) (CSE: $SONA.C) (OTC:  $SNANF), (NASDAQ: $ZM) (NYSE: $RNG) (NASDAQ: $COST) @DraganflyInc @SonaNanotech @zoom_us  @RingCentral
https://t.co/NQZN92R7Iy https://t.co/3smaHbjJ7p",0,0,2020-03-26 17:40:15
106,@CDNtrader93 This is quite possibly the ugliest chart I've ever seen. $ZM is going to get slaughtered back to earth VERY soon. 70x revenue? GTFO! Pump and dump scam. #Cramer https://t.co/bznZHknxxV,0,1,2020-03-26 17:38:21
107,"https://t.co/ZFdyj2Aczl - Breakthroughs in Tech and Healthcare Sector From #Coronavirus (COVID-19) (CSE: $DFLY.C) (OTCQB: $DFLYF) (CSE: $SONA.C) (OTC: $SNANF), (NASDAQ: $ZM) (NASDAQ: $COST) https://t.co/Q5c95kkejx",0,1,2020-03-26 17:38:08
108,"https://t.co/ZFdyj2RNXV - Breakthroughs in Tech and Healthcare Sector From #Coronavirus (COVID-19) (CSE: $DFLY.C) (OTCQB: $DFLYF) (CSE: $SONA.C) (OTC: $SNANF), (NASDAQ: $ZM) (NASDAQ: $COST) https://t.co/PL8IubIcLH",0,0,2020-03-26 17:36:54
109,"$ZM not the best move today.. calls took a big hit.. will hold into tmrw, mostly profits here.",0,0,2020-03-26 17:35:15
110,"$ZM trend included, more paid services expected .. not to be mistaken for $ZOOM ü§¶‚Äç‚ôÄÔ∏è https://t.co/nKS4M19DJd",0,0,2020-03-26 17:33:09
111,Triggering EMH zealots today b/c of $ZOOM / $ZM is the twitter I needed.,0,1,2020-03-26 17:31:45
112,"Breakthroughs in the #Tech &amp; #Healthcare Sector From #Coronavirus (COVID-19) $DFLY.C,  $DFLYF, $SONA.C,  $SNANF,  $ZM, $RNG, $COST - How #Drones Are Defending Us From Above; @DraganflyInc @SonaNanotech @zoom_us  @RingCentral
https://t.co/NQZN938J78 https://t.co/CCDsmFkRI0",0,0,2020-03-26 17:30:27
113,"$ZM Zoom Videos
1D TF One Black Crow 
4H TF Evening Star Pattern

Signs of Local Top https://t.co/M9eX9bO8PU",0,1,2020-03-26 17:26:53
114,"@d_mccar @modestproposal1 their correlation since IPO is 0.71, and 0.75 in the last 6 mos. I am sure there is an algo out there where this makes sense. $ZOOM $ZM https://t.co/jxAXj2ZDXX",1,2,2020-03-26 17:25:12
115,"@TheStalwart Today the SEC suspended trading in the securities of Zoom Technologies (ticker $ZOOM)

PSA: Zoom Technologies (ticker $ZOOM) is NOT the similarly-named popular video communications company Zoom (ticker: $ZM) 

https://t.co/NInncq8id7",0,1,2020-03-26 17:22:27
116,"pls unlock $ZOOM so can get funds out and move to $ZM

thx in adv",0,1,2020-03-26 17:20:35
117,"$VERB #OnlineShopping #SellLive #ShopLive #Online #Shopping $ZM

LAST CALL!
REGISTER NOW, STARTS IN 45 MINUTES!
New #LiveShopping #Webinar &amp; #SalesTool 

https://t.co/cKljdVVZDk https://t.co/FBwrq2ptyc",0,0,2020-03-26 17:15:19
118,$ZM ‚Äì Zoom Communications ‚Äì a pullback opportunity #communications #stockmarket #tradestock #trading https://t.co/koLK3jkyGo,0,0,2020-03-26 17:11:01
119,@LoveMyScionFRS Well today they stopped $zoom from trading bc too many were mistaking it for $ZM,0,1,2020-03-26 17:07:57
120,$ZM is undervalued as of now. Will see $200+ sooner or later.,0,0,2020-03-26 17:04:57
121,$ZM the best stock to buy right now. #stocks,0,1,2020-03-26 17:04:40
122,Zoom Video Communications $ZM &amp; The Competition Head-To-Head Contrast https://t.co/2oXMX4zBcc,0,0,2020-03-26 17:03:41
123,@GoddessofGrain I'm short $ZM calls--shush Angie,0,1,2020-03-26 17:03:35
124,"$zm $zoom I‚Äôm sorry but the SEC  suspending trading on Zoom is wrong, if people are dumb enough to buy the wrong stock and not know then they deserve To lose money when it drops. Consider it a lifelong lesson; know what your buying.  What idiots",0,0,2020-03-26 16:57:02
125,SEC pauses Zoom Technologies trading because people think it‚Äôs Zoom Video $ZM $ZOOM https://t.co/hQRtoMkFlp,0,0,2020-03-26 16:56:39
126,People $ZM and $ZOOM are NOT the same thing. Geez!,0,1,2020-03-26 16:56:31
127,More businesses looking to buy paid services $ZM,0,1,2020-03-26 16:55:01
128,"Arbitrage human behavior. The final edge in markets. - @jposhaughnessy 

$ZM $ZOOM https://t.co/SSn2uZt0pE",0,2,2020-03-26 16:54:17
129,Trading Ideas: Trade Idea: Long $ZM @ 147 https://t.co/j4mWmIDUFj üìà FREE trade-of-week via ‚Üí https://t.co/BCEHq7Ce2N https://t.co/RikvJxdlxP,0,0,2020-03-26 16:54:07
130,"@__cxn__ Lol, so if you bought $ZOOM thinking it was $ZM now you're double fucked. Nice work.",0,1,2020-03-26 16:53:31
131,$ZM &gt; $ZOOM same thing happened on the $ZM IPO https://t.co/AvTm9c9gEu,0,1,2020-03-26 16:53:16
132,"It's been an interesting week...got this $ZM 2' BS today to target...Just missed the $TLRY, err...Still not a bad day... https://t.co/phHgePeCis",0,12,2020-03-26 16:46:38
133,"@ClassRobinhood &amp; friends piled into the wrong ticker awwww

$ZOOM $ZM https://t.co/99pEz8a24H https://t.co/xtnazrhzjQ",0,0,2020-03-26 16:44:13
134,In $ZM 140 puts - 3.8 - stops at 3,0,0,2020-03-26 16:41:27
135,"$ZM Wow, just wow. Lots of investors appear to be ready to learn the lesson of not chasing the latest &amp; sexiest ""thing."" Watching for swing short entry. Makes $900+ $TSLA look like a bargain.",0,0,2020-03-26 16:40:19
136,"$SPY OMG!  Again!  People, $ZOOM is not $ZM  
 
https://t.co/GSg70eagb9 https://t.co/7Q6hRMa4qg",0,0,2020-03-26 16:38:28
137,"$ZM Parabolic Arc + eSIX, No trigger https://t.co/jvfdJyRzo0",0,1,2020-03-26 16:35:26
138,"I help people through trading US&amp;PH- selective opportunities. Here‚Äôs a small $DAL snap from a client who day traded today.  We discuss in our $ZM classes daily. :) 
Testimonials https://t.co/rd4Y6SH1aR",0,3,2020-03-26 16:34:31
139,"$AMZN $SPY $ZM 

For those shorting amazon and or people trying to play zoom which is a crowded trade but it‚Äôs true their business went up a lot, understand if more people are working from home that means that more data is going... https://t.co/SO7CK8rpnC https://t.co/UvC1ZvpF6G",0,0,2020-03-26 16:30:59
140,@HCPG Symbol confusion with $ZM,0,0,2020-03-26 16:28:38
141,"Former RobinHood traders mistakenly buying $ZOOM, a $31mm company that trades OTC thru broker dealers quotes rather than $ZM, a $40B company trading on the NASDAQ.",0,3,2020-03-26 16:26:47
142,Will Zoom $ZM become the new commercial real estate?,0,0,2020-03-26 16:26:30
143,The ticker symbol of the Zoom people are using a lot is $ZM and the ticker of a different unrelated company is $ZOOM.  Now the SEC has taken action. https://t.co/Zo67DOYlFw,12,6,2020-03-26 16:25:49
144,"The @SEC_tradingmkts finally halted $ZOOM after people continued to buy it thinking it was $ZM. Knuckleheads have done this before w/ this security. 1st when Zoom Video(ZM) was prepping for its IPO, then again in April of last year, but this time has been the worst run up &amp; crash https://t.co/Jj8EhkhLrd",0,0,2020-03-26 16:25:27
145,@TheStalwart So you‚Äôre saying people might want to consider shorting $zm? Sounds like amateur hour.,0,0,2020-03-26 16:24:30
146,"@ihors3 $ZM shorts go up with its price. Shorts are convinced $ZM will come down big, but to target date when? https://t.co/EedMLLIc6K",0,0,2020-03-26 16:21:56
147,"Midday Most Tweeted Big Caps, check out Gambiste Top 10: $WORK $CCL $TSLA $BA $TDOC $ROKU $OXY $TWTR $UBER $ZM https://t.co/k3uyuEbRpJ",0,0,2020-03-26 16:21:54
148,$ZM.....looking good. Consolidating on decreasing volume. Flag pattern??,0,0,2020-03-26 16:21:11
149,$ZM I just want to understand why e this hit 160 and now is at 140,0,0,2020-03-26 16:19:54
150,Again morons mistook $ZOOM for $ZM,1,25,2020-03-26 16:13:01
151,A little bit of research can go a long way. $ZOOM $ZM #WFH @jbursz https://t.co/LYpcDs3b2D,0,2,2020-03-26 16:11:50
152,"Trading in $ZOOM (not $ZM) halted through April 8th, as a consumer protection for stock purchasers. I would wager a shiny nickel that the majority of volume in $ZOOM knew they were buying the wrong one, and that was the point. https://t.co/rYOX3bzQoj",0,15,2020-03-26 16:02:59
153,"Wait, plot thickens. People trading the 2 stocks are actually unable to accurately make a distinction b/w the 2 companies. Just a guess, but $ZM'ers probably mistakenly buying $ZOOM. 

Folks, major setback here for loosening the accredited investor rules. 
https://t.co/Nc5IchbadX",0,1,2020-03-26 16:01:38
154,"How #Drones Are Defending Us From Above; Breakthroughs in #Tech &amp; #Healthcare Sector From #Coronavirus (COVID-19) $DFLY.C,  $DFLYF, $SONA.C,  $SNANF,  $ZM, $RNG, $COST; @DraganflyInc @SonaNanotech @zoom_us  @RingCentral
https://t.co/NQZN938J78 https://t.co/wbIct4n3hK",0,0,2020-03-26 16:00:35
155,$CSCO Webex (web conferencing and videoconferencing) could play catch up on home-based work champions $CTXS (Citrix) and $ZM (Zoom Video/audio meeting). See daily chart $CSCO. Down 32% from 52w high https://t.co/Mg3gZYBv7Q,1,1,2020-03-26 15:59:43
156,@runr4evrr @canuck2usa Going to need to update jobless claims. There are some algos that are heading for the bread lines $ZM $ZOOM,0,0,2020-03-26 15:55:45
157,"Zoom Technologies $ZOOM is NOT the similarly-named popular video communications company $ZM .  Today the SEC suspended trading in the securities of Zoom Technologies. 

https://t.co/YjBVxqLYGy https://t.co/oJVPY1urYH",0,9,2020-03-26 15:54:39
158,"$ZOOM is getting flexed on hard.

The SEC tweeted that $ZOOM's stock is halted, with no explanation given. Yet their tweet does specify that the $ZOOM they are referencing is not $ZM. $ZM became part of the story for the sole reason that they have superior",0,0,2020-03-26 15:53:45
159,"Today's Highlight from Pre-Market Notes 03/26/2020
$TSLA LONG 520-&gt;560
$AAPL LONG 244--&gt;254
$SHOP LONG 450--&gt;470
$BYND SHORT 72.50-&gt;66
$ZM LONG 140--&gt;146
$TTD LONG 195--&gt;215
$NVDA LONG 250--&gt;262
$BA SHORT 180--&gt;167-&gt;186
$AAL LONG 15--&gt;17
$CAKE LONG 16--&gt;32
https://t.co/ZbHfzTuxqX https://t.co/ZntYK5OdbF",0,4,2020-03-26 15:52:18
160,"That's what I call a ""herding"" behavior &amp; it has real time significant application in financial markets where fundamentals cannot explain (or hard core fundamentalists choose to detest or downplay) $ZM $ZOOM https://t.co/3CHvcLKDTo",0,2,2020-03-26 15:52:08
161,"$ZM bubble 
3/25/2020Morgan StanleyBoost Price TargetEqual Weight$90.00 ‚ûù $105",0,1,2020-03-26 15:51:03
162,üòÇ There were LOTS of people trading $ZOOM thinking it was $ZM (aka @zoom_us ). Now they are stuck with those stocks? https://t.co/fjyPY03WTX,0,3,2020-03-26 15:50:59
163,$ZOOM versus $ZM really really come on,1,21,2020-03-26 15:49:57
164,$ZM $DOCU lots of activity.. calls flying off shelves,0,0,2020-03-26 15:49:38
165,That‚Äôs been happening since the $ZM IPO! https://t.co/XbMQy30HOv,0,0,2020-03-26 15:46:17
166,"Blue Line - ( $ZM) - Zoom Company behind popular app
Orange Line ( $ZOOM) - Unrelated joy rider

Due to the name of the ticker and resemblance investors have been buying the wrong stock. 

Stock catfishing.

""Fake"" one has appreciated 700% . The real one only about 150% from IPO. https://t.co/DYLvmjPE4p https://t.co/V6c634ypoJ",0,0,2020-03-26 15:44:59
167,"This is crazy! They just had to suspend trading in shares of Zoom Technology $ZOOM, because so many people assumed it was Zoom Video, the company that everyone is using to teleconference https://t.co/TgXkLjCB6S $ZM https://t.co/68zeoxI4cv",324,1017,2020-03-26 15:43:06
168,$SPY Your stay at home portfolio: $ZM $WORK $DOCU - they should just all merge. haha,0,0,2020-03-26 15:41:28
169,"If ‚Äúwork at home will be the new norm‚Äù $ZM $WORK will be the ones. 
$IMAC maybe a good smaller to keep an eye on üëÅ 
And in otc $VISM intriguing with today‚Äôs news. It‚Äôs super cheap, once it gets found should be big potential.",1,1,2020-03-26 15:39:59
170,"Whole family gettin money, thank god for $ZM",0,0,2020-03-26 15:39:08
171,@MikeSaurbaugh Nice. I wonder how much money they're making off of that. Should I sell my $ZM stock? :/,0,1,2020-03-26 15:38:10
172,"$TDOC    Doc who is working For TDOC was on OAN TV ... very bullish &amp; excited about the future . 
They R going to implement new features ... etc

A game changer  !! 
a MUST own ... 

$ZM $RNG $DOCU $EW $DXCM $PODD $INSP $TNDM $NVCR ...",1,7,2020-03-26 15:37:32
173,"$NSPX TINY FLOAT ON THIS NEW #CORONAVIRUS PLAY. 
$A $B $C $MSFT $GOOG $SBES $LULU $D $E $f $G $H $I $K $WWE #HealthcareHeroes $AAPL $QCOM $ZM $INTC $AMZN $NVDA $SONY $EA $JD $PYPL $FB $NFLX $PTON $TDOC $DOW https://t.co/lk2HPBw15h",1,6,2020-03-26 15:35:57
174,CEO Eric Yuan: Zoom 'never dreamed' of a massive work-from-home shift like the coronavirus $ZM #markets #stocks https://t.co/dgfH0a1Twq,0,0,2020-03-26 15:35:36
175,@jimcramer my wife and sons are heavily inv. in taekwando. Their school moved classes online about a week ago using $ZM video. 4 fams that moved away rejoin for online classes and they have been contacted by St. Jude to offer classes to the kids there. Good things are out there.,0,0,2020-03-26 15:33:23
176,"$ZM $ZOOM The SEC has suspended trading in Zoom Technologies (ticker: ZOOM) for two weeks, because investors keep confusing it with Zoom Video (ticker: ZM), the company that makes virtual-meeting software https://t.co/Uy690PLHi8 via @markets",0,0,2020-03-26 15:32:38
177,"How #Drones Are Defending Us From Above; #Coronavirus (COVID-19) (CSE: $DFLY.C) (OTCQB: $DFLYF) (CSE: $SONA.C) (OTC:  $SNANF), (NASDAQ: $ZM) (NYSE: RNG) (NASDAQ: $COST) - @DraganflyInc @SonaNanotech @zoom_us  @RingCentral
https://t.co/NQZN938J78 https://t.co/rI24cglO7l",0,0,2020-03-26 15:30:12
178,$ZM I think this is waaaay overdone. Here is the near-term tecnical to look at. Like there will be no competitors in this space going forward?? Ridiculous! $136 a key level.I bought expensive puts &amp; we will see. Sized properly in my account! https://t.co/4cyGAIyPn3,0,1,2020-03-26 15:29:04
179,$ZM  REPEAT BULL SWEEPER,1,6,2020-03-26 15:28:49
180,"SEC has suspended trading in $ZOOM, citing among other concerns that investors may be confusing it with $ZM https://t.co/TqWBhNapId",1,7,2020-03-26 15:27:36
181,@afortunetrading @traderstewie $msft $team $dbx $amzn $zm they are going to capitalise,0,0,2020-03-26 15:25:57
182,$S looking pretty long term. $SPY $QQQ $FB $DIS $nflx $AAPL #trading #Stock #swingtrading $TSLA $LK $TWTR $MU $BSX $PTON $MRK $AMD $NVDA $SHOP $SQ $NKE $V $MA $BYND $SPCE $CVM $GE $TNDM $SDC $MDB $EHTH $CRM $ZM $CLX $TVIX $S $TMUS $IBM $IQ $BSX $PTON $MRK $WORK $NIO $ROKU $DDD https://t.co/WilzG6OO7S,0,2,2020-03-26 15:24:54
183,#WFH The CEO of Slack tells the story of how crazy things have been this month from @CNBC $work $zm https://t.co/EJXMMlcHOf,0,0,2020-03-26 15:23:42
184,I‚Äôve been getting a lot of questions about Zoom $ZM as an investment. My answer? I am on the fence. Here is my #1 question: What is the percentage of PAYING customers vs. those that use the free service?,0,2,2020-03-26 15:21:34
185,"Rough day in the small account.

$500 Small ACcount: UP $7ü§¶‚Äç‚ôÇÔ∏è
Big Account: UP $3,967üí∞

Traded $TSLA $TDOC $BYND

‚ú®Get a $14,000 Funded Account FOR ONLY $375üí∞
NOW ON SALE!!!
üëâhttps://t.co/ijwYXg0Pjoüëà

Join the $500 Challenge!

$SPY $SPX $TVIX $BA $SPCE $VXX $ROKU $RCL $ZM $SDC https://t.co/sm8AIiUq8M",1,8,2020-03-26 15:21:19
186,$MSFT $ZM $WORK $CSCO Ranks in Work at Home #COVID19  https://t.co/Ir53ofl0rD,0,0,2020-03-26 15:20:20
187,#estate asset watch - most active options Thursday - $BA $AAPL $BAC $TSLA $MSFT $MU $F $GE $AMD $TLRY $AAL $SQ $UBER $FB $T $DAL $SDC $CCL $WORK $OXY $AMZN $DIS $SPCE $ROKU $NFLX $JPM $INTC $SNAP $NVDA $KO $BABA $ZM $MGM $FCX $NIO $VALE $MFA $BMY $ACB $XOM $RCL $TWTR $SBUX $GILD https://t.co/r5g9yhkC0z,0,1,2020-03-26 15:16:55
188,"Breakthroughs in #Tech and #Healthcare Sector From #Coronavirus (COVID-19) (CSE: $DFLY.C) (OTCQB: $DFLYF) (CSE: $SONA.C) (OTC: $SNANF), (NASDAQ: $ZM) (NASDAQ: $COST)
How #Drones Are Defending Us From Above
 #dronetechnology #stockstowatch #nasdaq #stock https://t.co/iZrfLAgtcu",0,0,2020-03-26 15:15:18
189,$ZM What the World Needs Now - for Virtual Orchestra https://t.co/PlydJUaB73,0,0,2020-03-26 15:15:00
190,Coronavirus has crippled most stocks. Here are four that are actually benefitting from this nightmare pandemic: https://t.co/bKbNB7bbAt $NFLX $AMZN $ZM $APRN,0,0,2020-03-26 15:13:19
191,$ZM $WORK $CSCO Theme work from home https://t.co/nKXYUeKzUZ,0,0,2020-03-26 15:12:38
192,Is $work about to have a $zm $tdoc like move?,0,0,2020-03-26 15:11:16
193,"Watching $TDOC on 5 minute chart, getting very tight.  Over 151 could pop, however this stock like $ZM seems to do better when market is down.",0,0,2020-03-26 15:04:17
194,"Finally.  No more confusion.  

If you‚Äôre interested in the Video Meeting company called @zoom_us , the company‚Äôs equity shares are  ‚ÄúZM‚Äù. 

thank you @NewYork_SEC 

$ZM https://t.co/bE9jBS5fPU",0,5,2020-03-26 15:01:09
195,I was wrong on $ZM at this moment in time and I cut my loss -$300. On to the next. No point in me fighting.,0,0,2020-03-26 15:00:52
196,"Breakthroughs in #Tech &amp; #Healthcare Sector From #Coronavirus (COVID-19) (CSE: $DFLY.C) (OTCQB: $DFLYF) (CSE: $SONA.C) (OTC:  $SNANF), (NASDAQ: $ZM) (NYSE: $RNG) (NASDAQ: $COST) @DraganflyInc @SonaNanotech @zoom_us  @RingCentral
https://t.co/NQZN938J78 https://t.co/vFWAVrUBx9",0,0,2020-03-26 15:00:28
197,$ZM wants 160 this week,0,1,2020-03-26 14:59:58
198,"Sec Suspends Trading In Zoom Technologies - ZOOM, Not To Be Confused With Zoom Video - ZM $ZOOM Also $ZM https://t.co/KZykItF0Dk",0,0,2020-03-26 14:59:34
199,@MDLive4 daily results p2 3/24 $ZM $AMD $MU $WMT $NVDA $SPCE $JD $TGTX $FCX $CRWD $X $AMD $CGC $NOG $CVS $ONTX $TVTY $IMGN $OII data compiled by @iceworks1 follow the link in my bio for free access https://t.co/n81X6Fkb2o,3,3,2020-03-26 14:56:03
200,"@AdamSinger This reminds me:

VR seems long overdue to take off. Now might be finally the right time. Now, people may laugh at me for this ? IDK. You or anyone hear talk of VR headsets integrating with remote work tech like $ZM? Would make remote meetings even more real. Like üëÜon steroids.",0,1,2020-03-26 14:53:39
201,"Today @SEC_News suspended trading in $ZOOM... we brought this up a month ago. 

The video conferencing tool is $ZM @zoom_us https://t.co/HBNIXTDp2q",0,5,2020-03-26 14:51:02
202,correction $ZOOM  SEC suspended for similarity with $ZM https://t.co/B4KFdVP8dU,0,0,2020-03-26 14:50:45
203,"Squeeze went south! Sold $ROKU list 19%, sold $SQQQ lost 26%. Still long $ZM @johnscharts @traderDanielle @SunriseTrader @OptionsMike @TrendSpider https://t.co/W96P12INac",0,1,2020-03-26 14:50:34
204,Love having them as part of the @nasdaq family $ZM https://t.co/kyJdHuuC7a,0,0,2020-03-26 14:45:49
205,$ZM $ZOOM  SEC suspended !!,0,0,2020-03-26 14:44:10
206,"This one is still doing $WORK
Slack is back to pre-covid highs, but will it follow in the footprints of $ZM to zoom past resistance.  Our #technicallyspeaking webcasts often demonstrate examples of breakouts.  Daily 2pm ET.
#Tdaeducation
#Tradertalks https://t.co/r81gqXAPJJ",0,7,2020-03-26 14:43:32
207,"@NewYork_SEC @BarbarianCap pls unlock $ZOOM so can get funds out and move to $ZM

thx in adv",2,34,2020-03-26 14:39:25
208,"$EW H&amp;H... 

Great LT calls !! 

GREAT price here

P&amp;F has higher PT $289 

$ZM $TDOC $NVCR $DXCM $PODD $TNDM $INSP ... https://t.co/EHefUoGoPq",0,1,2020-03-26 14:36:42
209,"Squeeze play on the 5 minute chart on $ROKU. Bought a call APR 17 100. Still long $ZM and $SQQQ
@traderDanielle @johnscharts @OptionsMike @TrendSpider @SunriseTrader https://t.co/2rslPnJm9Z",0,2,2020-03-26 14:36:39
210,This is what you trade against... $ZM $ZOOM #DumbMoney #WinternomicsTV https://t.co/xrAKu4QeUB,2,9,2020-03-26 14:35:19
211,"$DIA   $1K up day coming !!

Cover your shorts EVERYWHERE !!

Can U see the TAPE ACTION?? 

$SPY $QQQ $AAPL $MSFT $RNG $ZM $TDOC $EW ...",0,2,2020-03-26 14:34:55
212,"$RNG hod 
Up $12 

Bullish harami 

ER will be a blowout 
Previous ER was a blowout 
Dropped from $252?
Corona  is good for $RNG business 

P&amp;F has $285 PT 

BTD !! $ZM $TEAM $DOCU $TDOC ... BTD ! https://t.co/Asx8dgkhxZ",1,0,2020-03-26 14:31:21
213,"Match-up of the day in the Stock Market Madness bracket is... $ZM vs $WORK   Who comes out ahead today? https://t.co/yWrPkk68sc

#IOStockMadness #InvestorsObserver #Zoom #Slack #StockMarket #StockMarketMadness https://t.co/zWgxUQW6qt",0,1,2020-03-26 14:29:59
214,"@NotaBubble Stocks like $ZM not sustainable

meanwhile $C and $JPM remain at sub 10 P/Es,

There are a few good bargains,
Was hoping $AAPL would get sub 200, only got to 214",0,0,2020-03-26 14:28:10
215,Lol. $ZOOM hitting $60 from it's previous day of $9 cause people thought it was $ZM is the funniest thing this week.,0,1,2020-03-26 14:28:03
216,$ZM will undoubtedly be one clear winners when we look back at the coronavirus times. But does the boost in business during this time justify its rich valuation? https://t.co/EypIb0aoLx,0,1,2020-03-26 14:25:54
217,@chamath one question I have is: why not be long $box? The use case the ease getting up and running seems perhaps even more compelling the $zm to me ???,0,1,2020-03-26 14:24:59
218,"Looking for $ZM and $LULU to show me $150 and $200 respectively today. ‚ò∫Ô∏èOut of $FLY for now, sold April $5 calls for 550 percent profit üòâ",0,1,2020-03-26 14:24:58
219,"Breakthroughs in #Tech and #Healthcare Sector From #Coronavirus (COVID-19) (CSE: $DFLY.C) (OTCQB: $DFLYF) (CSE: $SONA.C) (OTC:  $SNANF), (NASDAQ: $ZM) (NYSE: $RNG) (NASDAQ: $COST)  @DraganflyInc @SonaNanotech @zoom_us  @RingCentral
https://t.co/NQZN938J78 https://t.co/kUV9t4Mqjf",0,0,2020-03-26 14:24:44
220,$ZOOM is not $ZM says the @NewYork_SEC https://t.co/70FFrBc3LX,3,8,2020-03-26 14:22:23
221,$ZM Zoom Video Communications https://t.co/j2y2pbTA8N,0,1,2020-03-26 14:17:12
222,"Wow üòØ What a good morning here day trading with @AjTrader7  #4 pick $ZM Another solid day &amp; range, Buy the pullback @$140 scale in and push it. 200 shares @ $139.52 avg price. + $178",2,4,2020-03-26 14:14:37
223,"Don‚Äôt #mistake #small #things for #unimportant things, because some small things can be #very #important. $AMZN $AVGO $BA $TSLA $BA $COF $NFLX $ZM $HD $AXP $SQ $TDOC $W $MDT $MA $BX $UTX $LOW $NKE $BABA $DFS $V $JPM $SYY $FB $ABBV $AFL $PG $BXMT $C $WORK $CIM $KO $BMY $WYNN $SBUX https://t.co/AzgWIbcj65",0,0,2020-03-26 14:14:04
224,$VISM good one to watch.  this morning's pr kinda sounds like what $ZM $WORK are into,4,4,2020-03-26 14:10:50
225,Zoom Video Communications Inc. $ZM Is great and all but I just can‚Äôt wrap my head around the price.,0,0,2020-03-26 14:10:41
226,"$ZOOM listed Jan 1st 2003
$ZM listed April 18th 2019 https://t.co/WzXCa9TF8k",1,11,2020-03-26 14:09:46
227,@santisiri $ZM es china enjoy,0,2,2020-03-26 14:09:25
228,#coronavirus #techstocks: $NFLX $TDOC $ZM $ROKU and now#Discover $FBNK  #livestream starts 12 noon TODAY! click https://t.co/Xe2LgDBYSo #fomo #microcaps #pennystocks #stocks #stockstowatch,0,0,2020-03-26 14:07:27
229,"@FrankCapo @The_Real_Fly Did you miss out $NFLX $TDOC $ZM $ROKU? Discover $FBNK  #livestream starts 12 noon TODAY! click
https://t.co/Xe2LgDBYSo #fomo #microcaps #pennystocks #stocks #stockstowatch",0,0,2020-03-26 14:06:30
230,"$ZM  Higher than body of ydays candle is bullish !!

BULL FLAG forming 

DO NOT short !

P&amp;F has $289 PT intact 

This is a GEM.. 
Be patient with our investment !

$TDOC $TEAM $RNG $DOCU .. https://t.co/5gs22hbaaE",0,4,2020-03-26 14:06:02
231,"$ZM Zoom has now become synonymous with 'online video conferencing' much like  'Coke' in relation to the soft drink category

Zoom is now a verb, like Google 

Zoom brand is now the Netflix of online video",0,0,2020-03-26 14:05:40
232,"@TESLAcharts Did you miss out $NFLX $TDOC $ZM $ROKU? Discover $FBNK  #livestream starts 12 noon TODAY! click
https://t.co/Xe2LgDBYSo #fomo #microcaps #pennystocks #stocks #stockstowatch",0,0,2020-03-26 14:04:23
233,"@RaoulGMI Did you miss out $NFLX $TDOC $ZM $ROKU? Discover $FBNK  #livestream starts 12 noon TODAY! click
https://t.co/Xe2LgDBYSo #fomo #microcaps #pennystocks #stocks #stockstowatch",0,0,2020-03-26 14:03:58
234,@jmarchese @GerberKawasaki Just saying after the dust settles ~ $ZM will go back to fair market value which in my opinion is around $75-$80 share. If I was a $ZM investor I‚Äôd be unloading right now and buy back later. Video conferencing will be free in years to come so long term isn‚Äôt the play here.,1,2,2020-03-26 14:03:54
235,"@jimcramer Did you miss out $NFLX $TDOC $ZM $ROKU? Discover $FBNK  #livestream starts 12 noon TODAY! click
https://t.co/Xe2LgDBYSo #fomo #microcaps #pennystocks #stocks #stockstowatch",0,0,2020-03-26 14:03:49
236,"miss out $NFLX $TDOC $ZM $ROKU? Discover $FBNK JOIN  #livestream 12 noon TODAY! click
https://t.co/Xe2LgDBYSo #fomo #microcaps #pennystocks #stocks #stockstowatch",0,0,2020-03-26 14:02:54
237,"$DOCU  bullish harami !!

Good add .. 

P&amp;F has $125 PT !

$ZM $TEAM $RNG $TDOC .. $XLK https://t.co/epxVaPNgbN",0,1,2020-03-26 14:02:44
238,"Did you miss out $NFLX $TDOC $ZM $ROKU? Discover $FBNK  #livestream starts 12 noon TODAY! click
https://t.co/Xe2LgDBYSo #fomo #microcaps #pennystocks #stocks #stockstowatch",0,0,2020-03-26 14:02:01
239,"$MSFT  hod .. higher than body of ydays candle is BULLISH !!

BTD BTD .. accumulate for LT !

P&amp;F has $195 PT !!

$QQQ $AAPL $ZM $TDOC $TEAM $RNG ... https://t.co/DttZVs20sK",1,1,2020-03-26 14:00:05
240,Another full day of zooming. Thanks @zoom_us ! $zm,0,10,2020-03-26 13:57:49
241,$BA = $ZM Tuesday,0,6,2020-03-26 13:46:39
242,All out $Zm here 141.21 $$$$$$ lower iz better for now! We banked on this bitch! Congrats! üòéDarkblue!,0,1,2020-03-26 13:43:53
243,"$TEAM  Higher than body of ydays is bullish ! 

Good to BTD !

P&amp;F has $179 PT intact !

Same with $RNG $ZM $TDOC https://t.co/ozMDXbgRNT",1,1,2020-03-26 13:43:51
244,@Overtrader_83 $ZM is $WORK in‚Äô it :),0,1,2020-03-26 13:41:47
245,"@jmarchese @GerberKawasaki I‚Äôm not speaking on those companies. My expertise is in tech companies. Just know a good short when I see one. üòâ $ZM 

I hope you saved my tweet from yesterday. I tweeted $TSLA was a good short $800+ and was attacked and my puts went on to gain 7,000%",0,2,2020-03-26 13:39:07
246,"üí™ Wall St Solver Power Rankings üí™
ü•á $TSLA ‚ñ™Ô∏è Tesla Inc
ü•à $ZM ‚ñ™Ô∏è Zoom Video Communications Inc. Class A
ü•â $NVDA ‚ñ™Ô∏è NVIDIA Corporation
Rankings ‚û°Ô∏è https://t.co/Kwu6r1EkES
https://t.co/Kwu6r1EkES",0,0,2020-03-26 13:31:20
247,My wife just came home and said she overheard someone talking about $ZM being a solid buy here.  Trade accordingly.,0,1,2020-03-26 13:30:18
248,#estate asset watch - gainers in premarket - $GPMT $MFA $SIG $TWO $CSIQ $AU $VIOT $CIM $STWD $TLRY $PMT $DXC $GRFS $JNUG $NRZ $PRU $DWT $NLY $ALK $BA $WORK $APT $DFEN $BMRA $MU $GFI $NUGT $USLV $SCO $SAVE $PK $KSS $AGNC $ZM $CRH $DAL #LUV $SOXL $HSIC $BTI $SVC $CLX $GDXJ $SBSW https://t.co/QyRsXBxvlB,0,0,2020-03-26 13:25:59
249,"$TVIX  383.23 -5.92 (-1.52%)
Pre-Market: 9:20AM EDT  

RED !  Move your money over to equities !!
CAN""T fly out of space forever .. 
WILL come back to earth

$VIX to $29 .... 

$SPY $AAPL $AMD $ZM $TDOC $TEAM $RNG $EW $DXCM $PODD $INSP $NVCR $TNDM ... $KLAC $LRCX ..",0,1,2020-03-26 13:23:18
250,"Telecom 
$Swir ?
$insg ?
$iivi *-
$nvda ?
$akts */

health care 
$tdoc +
$Lvgo ?
$Dxcm /
$Edit ?
$gh -
$nvta *-
$gild*+

consumer 
$fb -
$amzn +
$tsla -
$Sq *-
$Shop +
$pins *-
$nflx+

Tec 
$zm +
$okta +
$yext *-
$ayx -
$twlo ?
$docu +
$estc -
$appn ?",1,2,2020-03-26 13:22:13
251,"Breakthroughs in Tech and Healthcare Sector From #Coronavirus (COVID-19) (CSE: $DFLY.C) (OTCQB: $DFLYF) (CSE: $SONA.C) (OTC: $SNANF), (NASDAQ: $ZM) (NASDAQ: $COST) https://t.co/pQ40wVMwg4 #Technology",1,1,2020-03-26 13:21:32
252,Stocks on watch:  Going to take it easy on directional plays this morning.  Will adjust my premium sell plays as necessary for those expiring tomorrow.  We will see if this pre-market jobs rally gets faded or not today or tomorrow... $SPY $QQQ $BA $NVDA $BYND $NKE $GLD $ZM,0,1,2020-03-26 13:19:49
253,Work from home stocks like $WORK $ZM are greatly benefiting from this pandemic. They seem to be trading inversely to the indices. May be a good add when market is green and money moves out. The CEO of $WORK confirmed that they‚Äôre seeing increased usage,0,0,2020-03-26 13:17:43
254,"$TDOC  147.20 +5.51 (3.89%)
Pre-Market: 9:10AM EDT 

$ZM  146.10 +7.99 (5.79%)
Pre-Market: 9:12AM EDT  ..

BTD BTD BTD stks !!! 
So CLEARLY to me these R stks to own LT

$TEAM PB $10 from hod yday is a GREAT add
$RNG : same !

GREAT 4 stks to own in this Corona world &amp; AFTER !",1,1,2020-03-26 13:14:56
255,"$OPK reminder: OPK will make more REVENUE than their MARKET CAP in 2020. Name another company that is going to do that in this economy? 

$tdoc $zm $aapl $tsla $spy #es_f #stockstowatch #stocks $ino $gild $pfe $jnj",0,7,2020-03-26 13:13:45
256,This is no good $ZM @zoom_us - Fix this now https://t.co/UogjzyrzBP,0,0,2020-03-26 13:12:52
257,Each stimulus check about 8 shares of $ZM,0,4,2020-03-26 13:10:28
258,"Here is my analysis of $ZM
Sell now.
Why?
With all the layoffs coming, people who were using Zoom will be at home but not working.
That means whatever model they had to make money will be gone as well.",0,0,2020-03-26 13:08:29
259,"Premarket gainers

$OMC $AMZN $BA $SHOP $AVGO $CLX $ZM $NVDA $TDOC $LRCX 

Track today's gainers. Live scans start 930am ET
#nyse #nasdaq
https://t.co/T7HVKel6A6",2,0,2020-03-26 13:05:44
260,"Long Watches: $BA, $ZM, $TDOC, $CLX, $MU, $CSIQ, $TLRY! Short Watches: $TSLA, $DRI, $BYND, $CVX, $JNJ!",0,16,2020-03-26 13:01:22
261,"Thx to all who used my link to try Robinhood! Now share your link with friends for another free stock &amp; turn them on to fee-free trading. If you are new to investing, try Robinhood for a free stock. $AAPL $MSFT $FB $NFLX $DIS $SBUX $LYFT $UBER $SQ $V $ZM https://t.co/rJE9Vei313",0,0,2020-03-26 13:00:22
262,"@BruceTennen $ZM likely to go back to reality.. once people realize, not only are people not paying for it by using free version, those that are working are using other more business friendly remote working software. 70x revenue? What a joke. About a $25 stock in a real world.",0,0,2020-03-26 12:59:24
263,#coronavirus stocks in play today. $zm $work $tdoc $mrna $gild. I also include $amzn in the group,0,0,2020-03-26 12:59:22
264,"Jobless claims soar to 3.283 million. Stock futures down. 

Watching $MU $WORK $CSIQ $SIG $DZC $ZM $BA $INTC.",0,0,2020-03-26 12:55:57
265,"[MY PICKS] Analyst Meir Barak: 
Long: $MU, $MRNA, $ZM, $GILD, $AMD, $INTC
Short: $BYND, $EXPE, $CAKE",3,15,2020-03-26 12:44:01
266,Zoom users could always migrate to @VerbTech_Co the leader in interactive video technology and keeps their data here at home! $Verb #BeSafe $Work $CRM $MSFT  $ZM https://t.co/SeoX7qtTVT,1,0,2020-03-26 12:38:14
267,"Good Morning Traders Some Tickers that have my interest this morning
$TSLA
$SHOP
$CAKE
$BYND
$CAKE
$WYNN
$BA
$SPG
$ZM
$TTD
$NVDA
$AAPL
$NFLX
To name few play
Currently have 61 on MY list narrowing it down to the Final 12 for Clients Going to Be Fun
JOIN US
https://t.co/Lp58JbFkKW https://t.co/1cvcPDdZA3",0,1,2020-03-26 12:30:18
268,"Morning Most Tweeted Big Caps, check out Gambiste Top 10: $WORK $TSLA $CCL $BA $UBER $ZM $TWTR $ROKU $SQ $TDOC https://t.co/k3uyuEbRpJ",2,1,2020-03-26 12:21:56
269,@HustleInandOut @RevShark @jimcramer @realmoney @homelandcom @aztecs99 @GuyAdami $ZM $TDOC Yes! They act as in inverse  ETF to the QQQ. TDOC and ZM will likely have strong days if the markets sell off. Good Luck!,0,2,2020-03-26 12:21:49
270,We created a super short video for our subscribers and fellow #StockNerds ... Do this and you‚Äôll never get crushed by stocks again...Hope it helps!!https://t.co/tFquyHgJLe $TSLA $TLRY $CGC $ZM $BA $TDOC https://t.co/M7mHrej90G,0,1,2020-03-26 12:21:28
271,"$IWM 111 weekly puts looking for an 100% gain based on the trade thesis given yesterday. Good luck all! Should be another fun session as usual! 

$BABA $NVDA $TWTR $BA $TSLA $SHOP $ZM https://t.co/dHJLQdJlbz",0,2,2020-03-26 12:20:07
272,"Top App Downloads worldwide in the last week:

#TikTok $ZM $GOOG $FB $NFLX $MSFT https://t.co/yCjZpqu2nN",0,11,2020-03-26 12:19:57
273,Zoom Video Communications $ZM &amp; Its Competitors Head to Head Survey https://t.co/I2RcXwH48a,0,0,2020-03-26 12:19:15
274,#TRADING Gapers $TSLA $BYND $DRI $RYAAY $MCD $ROKU $SBUX $NVTA $RCL $DIS $RDS.B $NVS $WYNN $CUK $NCLH $CCL $TWTR $GM $UBER $BP $MGM $F $DAL $LK $MPC $RIO $AMD $WORK $INTC $LUV $BMY $GILD $AU $MU $ZM $BA https://t.co/eupnAyG0Yh,0,0,2020-03-26 12:17:25
275,"Right on cue, negative üëéüèø futures, market players rotate into ‚Äúsafe haven s‚Äù, $ZM and $TDOC. @RevShark @jimcramer @realmoney @MartyChargin @homelandcom @aztecs99 @GuyAdami #coronavirus #StayAtHomeOrder #StockMarket",0,2,2020-03-26 12:14:17
276,"$ZM question? am I missing a Zoom feature to just record videos, or is it just webcast and meetings?",0,0,2020-03-26 12:07:55
277,When you‚Äôre long $zm you‚Äôre really just short the market.,0,1,2020-03-26 11:57:16
278,"Managing Volatility, Watching Jobless Claims and Trading Notes $FDS $SIG $JEF $LULU $RH $SAIC $ZM $MSFT $VZ $VIAC $BP $SLB $NKE $SPX $COMP https://t.co/WZJGenNcPQ via @RealMoney",3,9,2020-03-26 11:56:42
279,$ZM - Doing well during socal distancing. https://t.co/lPnrSNaxq8,6,13,2020-03-26 11:54:28
280,Head to Head Comparison: Zoom Video Communications $ZM &amp; Its Peers https://t.co/40hOaLqLEH,0,0,2020-03-26 11:15:45
281,@fischersblack $ZM: who‚Äôs going to want to work from home after this?,0,2,2020-03-26 10:46:59
282,"$SPX $ZM:

BookWatch: Why you may still be working from home after the coronavirus crisis is over:

https://t.co/Sr3uyBeaPT",0,0,2020-03-26 10:42:06
283,$VERB - @VerbTech_Co mentioned in #Nasdaq Article on the effects of #COVID2019 &amp; Importance of #remoteworking üì± right alongside #Salesforce #Slack #Zoom   $CRM  $WORK $ZM!  https://t.co/pse4BUX9Gx,7,8,2020-03-26 10:29:38
284,"Insider Selling: Zoom Video Communications Inc $ZM Director Sells $8,851,864.64 in Stock https://t.co/kPsOyymORP",0,0,2020-03-26 10:25:04
285,Zoom $ZM has doubled YTD. Perhaps one of the only stocks that have not depressed the shareholders throughout all that‚Äôs happening. https://t.co/aH5jhfXDpq,0,0,2020-03-26 10:13:10
286,I use $DBX. Have always loved its interface. They‚Äôve just integrated $ZM &amp; $WORK to their desktop app. Both stocks I own. Makes me double happy.,0,2,2020-03-26 10:08:59
287,Zoom Video Communications $ZM and Its Rivals Critical Review https://t.co/QlPZERkM4t,0,0,2020-03-26 09:43:45
288,"$ZM, the company behind Zoom Video, is having a good year. $ZOOM, a completely unrelated company with only 10 employees, is having a phenomenal year. What is the Efficient Market Hypothesis's stance on homophones? https://t.co/HlWMWtyYIJ",0,7,2020-03-26 09:31:53
289,"Insider Selling: Zoom Video Communications Inc $ZM CFO Sells $1,400,860.86 in Stock https://t.co/XHh9S4syp3",0,0,2020-03-26 09:06:00
290,"Insider Selling: Zoom Video Communications Inc $ZM CFO Sells $1,400,860.86 in Stock https://t.co/3LrtiQpKLe",0,0,2020-03-26 08:33:55
291,Financial Analysis: Zoom Video Communications $ZM versus The Competition https://t.co/sXRdzXgy6z,0,0,2020-03-26 08:04:51
292,2020-03-25 Short sale volume (not short interest) for $ZM is 52%. https://t.co/0a2jdINu3t $SSL 48% $IMMP 44% $ARR 71% $UN 63%,0,0,2020-03-26 08:00:01
293,"Once $GSX $ZM  and other  strong tickers start to show signs of distribution, then it will get really ugly than it already is..
Just my opinion.
$SPY $DJIA $IWM",1,0,2020-03-26 07:47:19
294,Guess who is called Karen? Karen is oblivious. Don't be like Karen. #CoronavirusLockdown #WorkFromHome #workfromhomelife #teleconference #BeLikeLes #COVID2019 #awkwardmomentsday #zoom $ZM https://t.co/TTpYKzZPfC,1,0,2020-03-26 07:22:31
295,We're trading.  We're buying and selling.  In case you wish to join our classes - join us every friday 530-630pm time.  $ZM class is all for free!   Paid members are P2K/monthly or P10K/6mos. Thats all folks! https://t.co/icsHv4Fdr9,1,2,2020-03-26 06:57:07
296,"Zoom $ZM will be bought out imminently. No position and no source, just a feeling",1,0,2020-03-26 06:35:05
297,3/25 day trade recap:  $TSLA long +1.8% n -1.2% half pos each  $ROKU short +1.1% n -1.3%  $ZM long +1.3% n +2.6% $NVDA long +0.5% n +2.6%   80% portfolio turnover  +0.7% gain to DT book  +54.32% YTD   +25.24% since correction started.,1,0,2020-03-26 06:26:53
298,$ZM note that i missed the opening bull flag BO 5min chart...believe me i was kicking myself....but i stuck with the stock bec it had the best looking chart intraday of the stocks i was following,1,0,2020-03-26 06:22:59
299,@ChrisMoriarty19 3/25 day trade recap:  $TSLA long +1.8% n -1.2% half pos each  $ROKU short +1.1% n -1.3%  $ZM long +1.3% n +2.6% $NVDA long +0.5% n +2.6%   80% portfolio turnover  +0.7%  +54.32% YTD   +25.24% since correction started. üòØ,2,1,2020-03-26 06:18:18
300,$ZM  trades today....wasn't greedy -- that was the key... in the opening hr or two i lean on the 2min chart...u get quick PBs on 5min...ZM quietly been a huge money maker for me https://t.co/ZvH2TcvbZm,0,0,2020-03-26 06:08:21
301,"@cjliu49 @SlackHQ @zoom_us Without seeing their financials, I'd expect $ZM ongoing COGS are substantially higher than $WORK. Video costs more than text, which impacts margins permanently.",0,1,2020-03-26 05:35:12
302,"$ZM and $WORK both had $630 million revenue in FY2020... but $ZM made a $21mm profit and $WORK had a -$570mm loss. Entirely attributable to R&amp;D ($450mm) + G&amp;A ($260 million) for Slack.

How is @SlackHQ R&amp;D + G&amp;A $700 million and @zoom_us $140mm? Makes a $14B vs. $40B company.",0,5,2020-03-26 05:13:01
303,INVESTORS KNOW NOTHING. THEY WERE BUYING $ZOOM THINKING IT WAS $ZM - ZOOM VIDEO. THE WEAKER FIRM $ZOOM MOMENTARILY SKYROCKETED. LMFAO,0,0,2020-03-26 04:44:13
304,@FirstSquawk Did they use $ZM video conferencing? I want to profit from this like a senator.,0,0,2020-03-26 04:40:35
305,Which Companies Will Emerge Stronger @themotleyfool #stocks $GS $IBM $MSFT $GOOGL $AMZN $WMT $NYT $DLTR $GOOG $GRUB $ZM https://t.co/zLXLrRb63w,0,2,2020-03-26 04:35:11
306,$ZM Option Order Flow Sentiment is 70.2% Bullish. https://t.co/qwLbEjHdCB,0,0,2020-03-26 04:27:16
307,@keepduvalin @howardlindzon Nope. Not talking about $ZM the awesome video conferencing app but rather a Chinese zombie company with 10 employees. Who said capital markets weren‚Äôt efficient ü§∑‚Äç‚ôÇÔ∏èü§∑‚Äç‚ôÇÔ∏èü§∑‚Äç‚ôÇÔ∏è. https://t.co/69avF12oo9,0,1,2020-03-26 04:21:43
308,$ZM 27-Mar-20 ATM Implied Vol Falls -6.2% to 117.9. Straddle Implies a Move of ¬±8.4% https://t.co/vH5Zb7uaGE,0,0,2020-03-26 04:19:28
309,$ZM What it feels like to be laid off on Zoom during this crisis https://t.co/PSy87rvc7F,0,0,2020-03-26 03:55:12
310,@FacelessTrader @buhaykulangot How to join your Fri $ZM classes po?,0,1,2020-03-26 03:38:33
311,"@howardlindzon @kno420 Wrong Zoom, if I‚Äôm following you guys correctly. $zm",0,0,2020-03-26 03:37:03
312,"@buhaykulangot thanks.  I give free $ZM classes on 530pm Fri.  For those who want to learn, I also give Php 2K/ month $ZM classes for charts here and abroad everyday from Monday to Friday 530pm with Live feeds during trading hours. :)  Those who take 6 month classes get 1 month free so Php10K",1,3,2020-03-26 03:02:46
313,"Stunning #dataviz on #Covid19 BEACH stocks dowturn. If you have $ZM or $DPZ you're good - but wondering about $AOBC in 2 quarters.
The Hardest Hit Companies of the COVID-19 Downturn: The 'BEACH' Stocks https://t.co/q6YTSstFrU",1,0,2020-03-26 02:51:29
314,"Have you seen the yesterday's video yet on $ZM $BA and $QQQ ?

Video: https://t.co/5TM9yeNDQQ",1,9,2020-03-26 02:39:58
315,Bought some $jblu stock today to see where it goes tomorrow. Other good deals right now: $uber $aprn. Haven‚Äôt made much on them yet (thought of $aprn too late). Another play I am bullish on right now: $zm,0,1,2020-03-26 02:35:40
316,"@neoalvaro Are you going to post the latest where it dumped back to open? This pump and dump scam is going to be $30, maybe by next week. 70x sales? Lmao. $ZM",0,0,2020-03-26 02:30:52
317,$ZM strong support at this level https://t.co/hMuEhlzJ0k,0,2,2020-03-26 02:18:32
318,"Want to see some cool stuff on #BA $BA? Check out the video created yesterday looking at the gaps above!!

Case studies on $QQQ and $ZM as well! 

https://t.co/VGoevY4GI0",0,3,2020-03-26 02:16:25
319,@traderstewie Thoughts on $zm?,0,0,2020-03-26 02:15:40
320,"#coronavirus #DonaldTrump #CoronaVirusUpdate
 
$DIS $BABA $SNAP $TWTR $LYFT $UAA $SHOP $CVS $CSCO $AMAT $ROKU $NVDA $RIG $WMT $MDT $HLF $BHC $DPZ $OLED $DBX $DE $HD $SQ $CHK $LOW $BIDU $CLF $W $FL $TGT $KSS $AEO $COST $QCOM $SPOT $UBER $CMG $F $TWLO $TSLA $DDD $S $TDOC $ZM $SPCE https://t.co/DYKCYeYMgN",1,1,2020-03-26 02:08:05
321,The equivalent of buying $zoom instead of $zm in everyday life. https://t.co/e82h9SHmXz,0,2,2020-03-26 02:05:49
322,Cheers to @GregLawson16 for hosting his monthly Fort Collins @IBDMeetup via $ZM.   #AlwaysLearning @IBDinvestors @MarketSmith https://t.co/QwYNjJNpuY,0,9,2020-03-26 02:02:54
323,$BABA -- Client Testimonials of their Trading Experiences.  :)  We hold $ZM classes 530pm daily for paid members and on Fridays we give Free weekly Market Wraps through $ZM classes.  Just look on my twitter feed if you want to see ideas.  $SIEN was an awesome 1.20-2.40.  We got! https://t.co/XqypMmooqI,0,0,2020-03-26 01:59:04
324,Jim Cramer says these two tech stocks will thrive 'when things get back to normal' $AAPL $FB $SBUX $HRL $ZM https://t.co/iSCJIBnlTF,1,1,2020-03-26 01:45:37
325,"Top #money flow today. Free stocks app https://t.co/B6pljuv3p6
$MSFT, $AAPL, $AMZN, $BA, $QQQ, $TDOC, $FB, $JPM, $VZ, $VOO, $SPY, $LQD, $T, $VXX, $NFLX, $BIL, $KO, $ZM, $MA, $TSLA https://t.co/nbielmy7Yz",0,0,2020-03-26 01:01:32
326,@Ifollowdreamsyo $ZM  Insider selling is the worst possible indicator you could look at.  $AMZN  $AAPL $MSFT were all trillion dollar companies.  I guess none of their executives ever sold stock on the way up.,0,0,2020-03-26 00:56:16
327,"I'm expecting the markets to tank another 20-30% across the board perfect buying opportunities - #coronavirus not going anywhere soon so looking at #roku #netflix #zoomvideo #tdoc bullish
$Roku $ZM $tdoc #nyse #stockmarket #lse #nasdaq #dax #ftse",0,1,2020-03-26 00:53:13
328,"Coronavirus SOS Vol. 9: Assessing the Market Bounce üìàüò∑

Packed show üì∫: https://t.co/JuGAgQb40P

- Is the bounce real or a head fake?
- Gold, it‚Äôs happening.. 
- ‚ÄòBuy on every dip‚Äô tech basket winning
-  SaaS still flying high
-  Zoom bubble

$GLD $GDX #COVID19 $ZM $V $ADBE $MA https://t.co/NJOw6mewBu",3,23,2020-03-26 00:29:41
329,Let the $ZM hate begin https://t.co/3TfTKDUI4u,0,5,2020-03-26 00:25:06
330,"Over 161
$BA - Trade Idea - March 27 180C - bid/ask: 3.50/3.70

Levels above: 173, 180, 185, 192, 200

Under 151
$BA - Trade Idea - March 27 135P

Levels below: 134, 123, 107

-----
$AMZN $AMD $BABA $MRNA $FB $AAPL $GOOGL $NFLX $ZM $ROKU $TSLA $SPX $SPY $ES $IWM $TDOC $COST https://t.co/qteDPzZetx",4,25,2020-03-26 00:16:38
331,"@TESLAcharts @CathieDWood you pay your analysts way too much ...$Tsla will trade at 0.00 by 2024

Perhaps we can meet virtually over $ZM to discuss how I rescue your imploding fund #AlphaEdge",0,7,2020-03-26 00:16:25
332,@DJ_Bean YES! Was a great hedge for the market downturn. Sold $Zm yesterday morning.,0,0,2020-03-26 00:12:26
333,"Few Equity highlights Today:

$TSLA Long 30pts
$SHOP Long 22pts
$BA Long 25pts
$ZM Long 8pts
$CVNA Long 6pts
$SQ Long 6pts

Live Video Stream, Text Chat, Support &amp; Guidance In Outside Market hours
Entries Exits &amp; Stops
Stocks/Options
https://t.co/qCWGLNFO7F
30% off live: LV30 https://t.co/j4cwMAfVyn",2,4,2020-03-26 00:11:01
