0,RT @KingPickleRick1: #BanElonMusk make it trend friends $TSLA $TSLAQ,11,0,2020-03-21 23:58:54
1,RT @montana_skeptic: How liquid is $TSLA? Pretty darned liquid. But not as liquid as the recent 8-K suggests. And all that liquidity could‚Ä¶,3,0,2020-03-21 23:58:07
2,"RT @montana_skeptic: If Elon Musk had picked up the phone to Medtronic before he spouted off about making ventilators, he would have learne‚Ä¶",12,0,2020-03-21 23:56:58
3,"$SPY Support and Resistance (Pivots) for Mon 3/23/20:

$FB $AMZN $AAPL
$GOOG $TSLA $C
$BAC $BMY $IBB
$MSFT $NFLX‚Ä¶ https://t.co/bDOk28IJOY",0,2,2020-03-21 23:56:37
4,"RT @gerardfianen: Can not understand that twitter suspended a voice of science, facts and reason that was proving FUD and lies around $TSLA‚Ä¶",10,0,2020-03-21 23:55:19
5,RT @BarkMSmeagol: $TSLAQ #DumDum click bait reporters: ‚ÄúHow dare you say I‚Äôm biased against Elon and $TSLA! My jerb is SO important! You‚Äôre‚Ä¶,6,0,2020-03-21 23:55:10
6,"RT @yngy6477: Experts in a field finding that Musk is full of it. Sounds like a familiar story. $TSLA
https://t.co/xhQTfWq05R",58,0,2020-03-21 23:54:56
7,"RT @yngy6477: Experts in a field finding that Musk is full of it. Sounds like a familiar story. $TSLA
https://t.co/xhQTfWq05R",58,0,2020-03-21 23:54:47
8,@Sandro_power $TSLA is one of our new super stocks that follows the rules and pays us the dollar bills on confirmat‚Ä¶ https://t.co/8nYi7C6jfj,0,3,2020-03-21 23:54:16
9,"RT @montana_skeptic: If Elon Musk had picked up the phone to Medtronic before he spouted off about making ventilators, he would have learne‚Ä¶",12,0,2020-03-21 23:54:11
10,RT @SMT86370089: @Sandro_power $TSLA great call...quick gains,1,0,2020-03-21 23:53:36
11,RT @Badger24: 13) Bottom line-$TSLA liquidity at &gt;$11bn is grossly overstated. They can afford ~$5.7bn of cash burn before hitting the wall‚Ä¶,8,0,2020-03-21 23:53:15
12,RT @Sandro_power: $TSLA great success with our runners for a double whammy win in massive fear with skill study this  video https://t.co/OZ‚Ä¶,41,0,2020-03-21 23:51:39
13,"RT @style_and_steel: Hi @elonmusk, this is how a real CEO / Leader operates and behaves.
$TSLA",1,0,2020-03-21 23:51:34
14,RT @JayinShanghai: WOW another Chinese DIY of Tesla Cybertruck with design language from Lamborghini. (English Subtitles) once they have fi‚Ä¶,159,0,2020-03-21 23:51:00
15,"RT @PreciseCharts: IF YOU LIKE SEEING &amp; READING DIFFERENT POINTS OF VIEW ABOUT VARIOUS STONKS PLEASE GIVE ME A FOLLOW. üëç

IF YOU ARE INTERE‚Ä¶",3,0,2020-03-21 23:50:19
16,@MarsmanQuansun Stocks /= companies. All stocks are affected in a recession. That's why $TSLA lost 60% of its value‚Ä¶ https://t.co/gEs9yWv3ag,0,3,2020-03-21 23:50:11
17,RT @KingPickleRick1: #BanElonMusk make it trend friends $TSLA $TSLAQ https://t.co/M9yJkpFez5,11,0,2020-03-21 23:49:33
18,"RT @yngy6477: Experts in a field finding that Musk is full of it. Sounds like a familiar story. $TSLA
https://t.co/xhQTfWq05R",58,0,2020-03-21 23:49:19
19,"IF YOU LIKE SEEING &amp; READING DIFFERENT POINTS OF VIEW ABOUT VARIOUS STONKS PLEASE GIVE ME A FOLLOW. üëç

IF YOU ARE I‚Ä¶ https://t.co/zwb9vkqHDp",3,8,2020-03-21 23:49:13
20,"RT @yngy6477: Experts in a field finding that Musk is full of it. Sounds like a familiar story. $TSLA
https://t.co/xhQTfWq05R",58,0,2020-03-21 23:48:58
21,"RT @yngy6477: Experts in a field finding that Musk is full of it. Sounds like a familiar story. $TSLA
https://t.co/xhQTfWq05R",58,0,2020-03-21 23:48:23
22,RT @KingPickleRick1: #BanElonMusk make it trend friends $TSLA $TSLAQ,11,0,2020-03-21 23:47:55
23,"RT @yngy6477: Experts in a field finding that Musk is full of it. Sounds like a familiar story. $TSLA
https://t.co/xhQTfWq05R",58,0,2020-03-21 23:47:53
24,$TSLAQ #DumDum click bait reporters: ‚ÄúHow dare you say I‚Äôm biased against Elon and $TSLA! My jerb is SO important!‚Ä¶ https://t.co/XRz3u4hPTM,6,45,2020-03-21 23:47:49
25,RT @TeslaNY: ‚ÄúWe have 250k N95 masks. Aiming to start distributing those to hospitals tomorrow night. Should have over 1000 ventilators by‚Ä¶,53,0,2020-03-21 23:46:41
26,RT @WallStCynic: If you want to know why @SpaceX is seeking bailout dollars. It isn‚Äôt pretty. $TSLA,26,0,2020-03-21 23:45:37
27,RT @KingPickleRick1: $TSLA $TSLA $BA $SPY RETWEET TO SAVE A LIFE. PEOPLE SHOULD INGORE THE CHARLATAN THAT IS @elonmusk AND HIS HOARDE OF TO‚Ä¶,19,0,2020-03-21 23:45:20
28,RT @JayinShanghai: WOW another Chinese DIY of Tesla Cybertruck with design language from Lamborghini. (English Subtitles) once they have fi‚Ä¶,159,0,2020-03-21 23:44:05
29,"RT @OMillionaires: Some performances since Feb 19th(21 trading sessions):

$FB -31.3%
$AAPL -28.1%
$NFLX -14.1%
$AMZN -14.4%
$MSFT -26.4%
$‚Ä¶",209,0,2020-03-21 23:44:04
30,RT @KingPickleRick1: #BanElonMusk make it trend friends $TSLA $TSLAQ,11,0,2020-03-21 23:43:44
31,$TSLA - I don‚Äôt understand how they will have time to do this now as the engineers will be working on designing ven‚Ä¶ https://t.co/6waKSTzHvN,0,3,2020-03-21 23:43:29
32,RT @KingPickleRick1: #BanElonMusk make it trend friends $TSLA $TSLAQ,11,0,2020-03-21 23:41:57
33,I am convinced our Simulation Overlords created Kimbal and he ended up as the flawed alpha version of a huckster th‚Ä¶ https://t.co/w0g8exNigL,2,7,2020-03-21 23:40:24
34,#BanElonMusk make it trend friends $TSLA $TSLAQ https://t.co/M9yJkpFez5,11,16,2020-03-21 23:39:07
35,"RT @NickyTaleb: Elon Musk could literally tweet ""Go out people!  Smooch a stranger!  Lick elevator buttons and public door knobs! Have some‚Ä¶",5,0,2020-03-21 23:37:35
36,"RT @Badger24: 1) The $TSLA liquidity thread

In a press release on Thursday, $TSLA announced pro forma total liquidity of 11.6bn as of 12/3‚Ä¶",31,0,2020-03-21 23:37:02
37,"RT @NickyTaleb: Elon Musk could literally tweet ""Go out people!  Smooch a stranger!  Lick elevator buttons and public door knobs! Have some‚Ä¶",5,0,2020-03-21 23:34:17
38,"#TeslaSuperchargerIssues $tsla $tslaq
Some Superchargers are closed or are closing in Spain owing to the ongoing st‚Ä¶ https://t.co/vyEiN5ut2D",1,3,2020-03-21 23:33:53
39,The Us and China were already at war. When this virus is all over it is still only the beginning. #coronavirus $SPX‚Ä¶ https://t.co/X9nWlT3vt1,0,0,2020-03-21 23:32:35
40,"@SpecInsights @Keubiko That Bloomberg piece hit right before ARK lost 39% in 3 weeks. 
My favorite thing about‚Ä¶ https://t.co/p4pQ6Dypr8",0,4,2020-03-21 23:31:10
41,"""Since this virus is airborne, the safest place for people is underground, inside Boring tunnels."" - Elon Musk

$TSLA",0,22,2020-03-21 23:31:04
42,"@1101100100 @ko_strad @elonmusk That video gave me the creeps, it was like Kimbal was wired directly into Elon's mi‚Ä¶ https://t.co/81qMXCz51Y",0,2,2020-03-21 23:28:41
43,"RT @NickyTaleb: Cultist: ""Elon Musk says the Coronavirus is not serious and people should go back to work. #visionary""

Also Cultist: ""Elon‚Ä¶",2,0,2020-03-21 23:27:10
44,RT @MemesOfMars: Heavy Metal: Volkswagen Adding More Nickel To EV Batteries. BMW Plans Electric 7 Series https://t.co/5htidv29By #TeamElon‚Ä¶,1,0,2020-03-21 23:26:46
45,"RT @yngy6477: Experts in a field finding that Musk is full of it. Sounds like a familiar story. $TSLA
https://t.co/xhQTfWq05R",58,0,2020-03-21 23:26:12
46,$AMZN  $BKNG  $EXPE  $TSLA  $WYNN https://t.co/IHOAsPEYmw,0,0,2020-03-21 23:23:38
47,"If @elonmusk gets banned from twitter, which account will we see an uptick? $TSLA",0,4,2020-03-21 23:22:57
48,"RT @warrior16win: $ADGS at $5.10 it will be a 10 + bagger from here üí•üöÄ What Company is coming in that 3.5 mil unrestricted share ss

üëâüèºüí• $S‚Ä¶",11,0,2020-03-21 23:22:44
49,"Evening Most Tweeted Big Caps, check out Gambiste Top 10: $TSLA $BA $DAL $ABB $PXD $GS $TDOC $SQ $GM $SBUX https://t.co/k3uyuEbRpJ",0,1,2020-03-21 23:21:39
50,RT @Sandro_power: $TSLA great success with our runners for a double whammy win in massive fear with skill study this  video https://t.co/OZ‚Ä¶,41,0,2020-03-21 23:19:13
51,RT @Sandro_power: Are you serious for success in the markets? I am so sure I can help you succeed following my rules in the markets as I ha‚Ä¶,42,0,2020-03-21 23:18:53
52,@DeanSheikh1 @fly4dat Or veracity of any given number on a $tsla financial statement,0,3,2020-03-21 23:18:03
53,RT @MelaynaLokosky: @Medtronic @elonmusk @Tesla Hey did $MDT give Tesla CEO Elon  Musk tips on how to deal with @TheJusticeDept @FBI when u‚Ä¶,2,0,2020-03-21 23:16:23
54,How many $TSLA s are we going to see repo'd in the #Covid_19 economic downturn? ü§î,0,0,2020-03-21 23:16:20
55,"RT @TNR_Gold: Over the past twenty-four years, #TNRGold, through its lead generator business model, has been successful in generating high-‚Ä¶",3,0,2020-03-21 23:16:02
56,"RT @UmbiSam: GENERAL POLL - PLEASE RT FOR WIDER AUDIENCE &amp; BETTER OUTCOME

""who is lying the most on these dramatic days ?""

#Tesla #TeslaQ‚Ä¶",2,0,2020-03-21 23:15:50
57,RT @FairDinkumCap: @TashaARK Tasha. Relax. Cathie sold majority of $TSLA so you can stop pumping.  Learn how to use excel while you're in l‚Ä¶,1,0,2020-03-21 23:15:49
58,"RT @UmbiSam: GENERAL POLL - PLEASE RT FOR WIDER AUDIENCE &amp; BETTER OUTCOME

""who is lying the most on these dramatic days ?""

#Tesla #TeslaQ‚Ä¶",2,0,2020-03-21 23:15:27
59,"RT @Trumpery45: Elon can protect us against a ""weaponized virus"" - $tsla https://t.co/5sRmGFUm0J",1,0,2020-03-21 23:15:06
60,RT @BradMunchen: VW has net cash. $TSLA has net debt. Yet $TSLA issued a statement on Thursday saying they ‚Äúbelieve liquidity is sufficient‚Ä¶,23,0,2020-03-21 23:14:37
61,RT @Sandro_power: $TSLA great success with our runners for a double whammy win in massive fear with skill study this  video https://t.co/OZ‚Ä¶,41,0,2020-03-21 23:14:10
62,@notabigdeal111 Didn't Space X buy $SCTY bonds so$SCTY didnt breach their loan covenants n imperil SCTY as well as‚Ä¶ https://t.co/SDI2DbnxS2,0,3,2020-03-21 23:13:29
63,"GENERAL POLL - PLEASE RT FOR WIDER AUDIENCE &amp; BETTER OUTCOME

""who is lying the most on these dramatic days ?""‚Ä¶ https://t.co/gcdFa0C9U7",2,2,2020-03-21 23:13:11
64,RT @Sandro_power: Are you serious for success in the markets? I am so sure I can help you succeed following my rules in the markets as I ha‚Ä¶,42,0,2020-03-21 23:12:23
65,RT @Sandro_power: $TSLA great success with our runners for a double whammy win in massive fear with skill study this  video https://t.co/OZ‚Ä¶,39,0,2020-03-21 23:11:57
66,"RT @montana_skeptic: If Elon Musk had picked up the phone to Medtronic before he spouted off about making ventilators, he would have learne‚Ä¶",12,0,2020-03-21 23:11:26
67,Better bring down those delivery estimates; they're panicking in $TSLA-land $TSLAQ https://t.co/WE1xtshI3q,0,0,2020-03-21 23:11:12
68,"in the time of Elon Musk;

a known fraud able to run a $100B public company

Gets high live and retains his rating‚Ä¶ https://t.co/ZBfFwKKQrQ",0,2,2020-03-21 23:10:51
69,"RT @damphouse: Whenever I have doubts about investing in $TSLA I do two things...

1. Drive my car.
2. Ask myself who else would you rather‚Ä¶",14,0,2020-03-21 23:10:39
70,@Keubiko I'm going with Wall Street Bets reddit picking the next stock to pop 30% the next day/TikTok videos of col‚Ä¶ https://t.co/ioEMbYj3yc,0,4,2020-03-21 23:08:50
71,"RT @Badger24: 1) The $TSLA liquidity thread

In a press release on Thursday, $TSLA announced pro forma total liquidity of 11.6bn as of 12/3‚Ä¶",31,0,2020-03-21 23:08:43
72,"RT @NickyTaleb: Cultist: ""Elon Musk says the Coronavirus is not serious and people should go back to work. #visionary""

Also Cultist: ""Elon‚Ä¶",2,0,2020-03-21 23:07:57
73,"@Gordon90s It's important to note that any bailout is going to come with a sizable equity haircut.  In '08/'09, GM‚Ä¶ https://t.co/ujYiXgEi71",2,9,2020-03-21 23:07:38
74,"Cultist: ""Elon Musk says the Coronavirus is not serious and people should go back to work. #visionary""

Also Cultis‚Ä¶ https://t.co/Ro7mV8gqgC",2,7,2020-03-21 23:07:32
75,"RT @yngy6477: Experts in a field finding that Musk is full of it. Sounds like a familiar story. $TSLA
https://t.co/xhQTfWq05R",58,0,2020-03-21 23:06:55
76,"Elon can protect us against a ""weaponized virus"" - $tsla https://t.co/5sRmGFUm0J",1,7,2020-03-21 23:06:46
77,"RT @yngy6477: Experts in a field finding that Musk is full of it. Sounds like a familiar story. $TSLA
https://t.co/xhQTfWq05R",58,0,2020-03-21 23:06:36
78,RT @Badger24: $TSLA is an experiment in establishing whether it's cheaper to invest in social media sock puppets than a quality product.,5,0,2020-03-21 23:06:26
79,@blovereviews @jd1980mmo How about several million right now.  At the bottom?  I can‚Äôt really see how you think inv‚Ä¶ https://t.co/z6E5YtG3YO,0,0,2020-03-21 23:06:14
80,@RMac18 Musk's reputation going down as quickly as the $TSLA stock...,0,0,2020-03-21 23:05:43
81,RT @Badger24: My key takeaway from the NTSB hearing today:  It's now open season for lawsuits against $TSLA's implementation of AP. Plainti‚Ä¶,64,0,2020-03-21 23:05:19
82,@Sandro_power Another well thought out plan regarding $TSLA. Watch the video and if your interested read the pinned tweet.,0,1,2020-03-21 23:04:57
83,"Elon Musk could literally tweet ""Go out people!  Smooch a stranger!  Lick elevator buttons and public door knobs! H‚Ä¶ https://t.co/PEHmiiG83D",5,61,2020-03-21 23:04:33
84,RT @Sandro_power: $TSLA great success with our runners for a double whammy win in massive fear with skill study this  video https://t.co/OZ‚Ä¶,41,0,2020-03-21 23:04:04
85,RT @Badger24: 13) Bottom line-$TSLA liquidity at &gt;$11bn is grossly overstated. They can afford ~$5.7bn of cash burn before hitting the wall‚Ä¶,8,0,2020-03-21 23:03:46
86,RT @ONEWALLSTREET: $ABMC located in #NewYork already has #COVID„Éº19 test kits available. Healthy balance sheet near 0 debt. Only 32 mil OS w‚Ä¶,10,0,2020-03-21 23:03:16
87,"#JoinTheBulls for less than a dollar a day. üí∞
$SPY $AMD $NVDA $TSLA $SHOP $ROKU $SPCE $TLRY $PENN $AMZN $AAPL $FB‚Ä¶ https://t.co/2bFxI6br1T",0,3,2020-03-21 23:01:52
88,"RT @Badger24: I'm old enough to remember when Model 3 was supposed to result in an industry leading cash flow and income margins.

Instead,‚Ä¶",4,0,2020-03-21 23:01:34
89,We must keep Elon Musk ‚Äî who has never created anything worth actual economic value ‚Äî a billionaire at all costs.‚Ä¶ https://t.co/WKHSkBRO8o,0,1,2020-03-21 23:00:49
90,RT @Badger24: If you had a megaphone and you could use it to be a force for good or to prop up your stock price in the hopes of a billion d‚Ä¶,6,0,2020-03-21 23:00:27
91,Don't miss our next FREE OPTION TRADE.  Sign up for our Daily Free Trades at https://t.co/kTj4IA3tS7 $NVDA $TSLA $GS $C $WFC $GOOGL $FB,0,0,2020-03-21 23:00:20
92,Heavy Metal: Volkswagen Adding More Nickel To EV Batteries. BMW Plans Electric 7 Series https://t.co/5htidv29By #TeamElon $TSLA #Tesla,1,1,2020-03-21 23:00:05
93,"RT @phoennix10: $TSLA - 1/@elonmusk, how are you going to sell cars in the Europe? 

Most of your major markets are now on lockdown.

Coron‚Ä¶",20,0,2020-03-21 23:00:04
94,RT @ONEWALLSTREET: $ABMC located in #NewYork already has #COVID„Éº19 test kits available. Healthy balance sheet near 0 debt. Only 32 mil OS w‚Ä¶,10,0,2020-03-21 22:59:57
95,"RT @NickyTaleb: I'm old enough to remember this.

Today we have some guy claiming he's the answer to every single problem, from bricks for‚Ä¶",1,0,2020-03-21 22:59:51
96,"RT @Badger24: 1) The $TSLA liquidity thread

In a press release on Thursday, $TSLA announced pro forma total liquidity of 11.6bn as of 12/3‚Ä¶",31,0,2020-03-21 22:58:46
97,Great thread. A lengthy shutdown will send $TSLA to the crapper and it's why Elon Musk is freaking out and pretendi‚Ä¶ https://t.co/JRhcrjxA8Q,3,6,2020-03-21 22:58:41
98,RT @Sandro_power: $TSLA great success with our runners for a double whammy win in massive fear with skill study this  video https://t.co/OZ‚Ä¶,41,0,2020-03-21 22:58:19
99,What are your thoughts on $sq $tsla $amd $rya and all the rest of the stocks that are in freefall? When the bounce‚Ä¶ https://t.co/uixwZWOyMX,0,0,2020-03-21 22:57:59
100,Wealth effect of this crisis .... will render $TSLA BK https://t.co/psgp8QWP49,0,7,2020-03-21 22:57:37
101,"I'm old enough to remember this.

Today we have some guy claiming he's the answer to every single problem, from bri‚Ä¶ https://t.co/BbA2GFPaSP",1,4,2020-03-21 22:57:37
102,"RT @DayTraderWayne: We often get questions about how ""gettable"" are these Inflection Point trades.  Well, this one had over 178K shares ava‚Ä¶",2,0,2020-03-21 22:57:29
103,"Daily reminder: Sociopaths walk among us

Suggesting exploiting a crisis for the benefit of a company they invest i‚Ä¶ https://t.co/ahQIka5BjI",3,8,2020-03-21 22:57:28
104,"RT @yngy6477: Experts in a field finding that Musk is full of it. Sounds like a familiar story. $TSLA
https://t.co/xhQTfWq05R",58,0,2020-03-21 22:56:47
105,RT @Badger24: 8) An add‚Äôl consideration is how much cash does $TSLA need to survive a bankruptcy. They can‚Äôt simply take cash to zero. When‚Ä¶,9,0,2020-03-21 22:55:43
106,RT @Badger24: 13) Bottom line-$TSLA liquidity at &gt;$11bn is grossly overstated. They can afford ~$5.7bn of cash burn before hitting the wall‚Ä¶,8,0,2020-03-21 22:54:03
107,RT @AlmingtonCap: Even the most troglodytic knuckle-dragging financial planner will usually have the good sense to advise clients to aim to‚Ä¶,10,0,2020-03-21 22:53:22
108,"RT @Badger24: 1) The $TSLA liquidity thread

In a press release on Thursday, $TSLA announced pro forma total liquidity of 11.6bn as of 12/3‚Ä¶",31,0,2020-03-21 22:52:32
109,Beautiful seeing $TSLA and $MDT collaborate and talking to see what can be done to help the world. This is amazing https://t.co/BNvHjA0Agq,0,1,2020-03-21 22:51:33
110,"What about third row seats?  Are they difficult?
What about bricks?
Candy?

$TSLA https://t.co/3C9HgH3kcK",0,2,2020-03-21 22:49:29
111,RT @Stevebility: Now we know why he sold all of his $tsla stock. The entire Musk empire is all collapsing at once.  This difficult time may‚Ä¶,1,0,2020-03-21 22:49:18
112,Now we know why he sold all of his $tsla stock. The entire Musk empire is all collapsing at once.  This difficult t‚Ä¶ https://t.co/LNq47xTU0K,1,4,2020-03-21 22:45:47
113,"RT @Badger24: 1) The $TSLA liquidity thread

In a press release on Thursday, $TSLA announced pro forma total liquidity of 11.6bn as of 12/3‚Ä¶",31,0,2020-03-21 22:45:29
114,RT @Badger24: 8) An add‚Äôl consideration is how much cash does $TSLA need to survive a bankruptcy. They can‚Äôt simply take cash to zero. When‚Ä¶,9,0,2020-03-21 22:43:38
115,"Umm Elon, you just got told by Medtronic that they're seeing other people during Coronavirus. #COVID„Éº19
And Musk ha‚Ä¶ https://t.co/pX5BNK026Z",0,3,2020-03-21 22:41:20
116,This dingbat and her boss deserve at least one chapter in one of the books chronicling the $TSLA fraud posthumously‚Ä¶ https://t.co/wYzCcki2Co,0,19,2020-03-21 22:40:59
117,RT @ONEWALLSTREET: $ABMC located in #NewYork already has #COVID„Éº19 test kits available. Healthy balance sheet near 0 debt. Only 32 mil OS w‚Ä¶,10,0,2020-03-21 22:40:03
118,"RT @montana_skeptic: If Elon Musk had picked up the phone to Medtronic before he spouted off about making ventilators, he would have learne‚Ä¶",12,0,2020-03-21 22:38:14
119,"RT @yngy6477: Experts in a field finding that Musk is full of it. Sounds like a familiar story. $TSLA
https://t.co/xhQTfWq05R",58,0,2020-03-21 22:38:03
120,"RT @yngy6477: Experts in a field finding that Musk is full of it. Sounds like a familiar story. $TSLA
https://t.co/xhQTfWq05R",58,0,2020-03-21 22:37:52
121,"RT @Badger24: 1) The $TSLA liquidity thread

In a press release on Thursday, $TSLA announced pro forma total liquidity of 11.6bn as of 12/3‚Ä¶",31,0,2020-03-21 22:37:45
122,@TashaARK Jesus effing Christ. On to the next fraudulent pump as $tsla teeters on the verge of bankruptcy.,0,37,2020-03-21 22:37:03
123,"RT @montana_skeptic: If Elon Musk had picked up the phone to Medtronic before he spouted off about making ventilators, he would have learne‚Ä¶",12,0,2020-03-21 22:36:42
124,"RT @Convertbond: Cost of Credit Default Protection: Ford $F and Tesla $TSLA

This image below says a lot about just how much the world has‚Ä¶",26,0,2020-03-21 22:36:19
125,"RT @yngy6477: Experts in a field finding that Musk is full of it. Sounds like a familiar story. $TSLA
https://t.co/xhQTfWq05R",58,0,2020-03-21 22:36:19
126,RT @Badger24: $TSLA is the first tech company to have an auto company risk profile.,4,0,2020-03-21 22:36:09
127,RT @Sandro_power: $TSLA great success with our runners for a double whammy win in massive fear with skill study this  video https://t.co/OZ‚Ä¶,41,0,2020-03-21 22:35:49
128,RT @Junheng_Li: @BradMunchen There has been rising complaints re actual mileage for MIC $TSLA cars.  Those are discussions from tsla buyer‚Ä¶,17,0,2020-03-21 22:35:05
129,"RT @RealJohnny_Cage: $TSLA Nothing you greedy, selfish, millennials.  You get nothing. https://t.co/sbekMIBSAy https://t.co/7zldDLjoZW",1,0,2020-03-21 22:33:58
130,"$AAPL = real company with strong leadership

$TSLA = Ponzi scheme with fraudster at the helm $TSLAQ https://t.co/QdzJXD7eMl",0,5,2020-03-21 22:33:56
131,@Sandro_power $TSLA great call...quick gains,1,0,2020-03-21 22:33:54
132,RT @ONEWALLSTREET: $ABMC located in #NewYork already has #COVID„Éº19 test kits available. Healthy balance sheet near 0 debt. Only 32 mil OS w‚Ä¶,10,0,2020-03-21 22:33:46
133,"RT @yngy6477: Experts in a field finding that Musk is full of it. Sounds like a familiar story. $TSLA
https://t.co/xhQTfWq05R",58,0,2020-03-21 22:33:32
134,RT @Sandro_power: $TSLA great success with our runners for a double whammy win in massive fear with skill study this  video https://t.co/OZ‚Ä¶,41,0,2020-03-21 22:33:10
135,RT @Sandro_power: Are you serious for success in the markets? I am so sure I can help you succeed following my rules in the markets as I ha‚Ä¶,42,0,2020-03-21 22:32:58
136,"RT @yngy6477: Experts in a field finding that Musk is full of it. Sounds like a familiar story. $TSLA
https://t.co/xhQTfWq05R",58,0,2020-03-21 22:32:52
137,"RT @SmokeyShorts: Smokey Shorts $TSLA *GIVEAWAY BONANZA*

1 (one) sole WINNER gets 1 (one) $TSLA share (well, the cash equivalent). 

Must‚Ä¶",193,0,2020-03-21 22:32:43
138,RT @Kuldeep36669869: @Sandro_power $tsla massive plans and winner,1,0,2020-03-21 22:32:35
139,"Hi @elonmusk, this is how a real CEO / Leader operates and behaves.
$TSLA https://t.co/2dpkapZzuY",1,5,2020-03-21 22:31:29
140,"RT @Trumpery45: A normal hero makes a perfectly accurate estimation on elon‚Äôs character that goes viral, gets dogpiled by muskatarians then‚Ä¶",1,0,2020-03-21 22:31:25
141,@TashaARK Tasha. Relax. Cathie sold majority of $TSLA so you can stop pumping.  Learn how to use excel while you're‚Ä¶ https://t.co/otgstHafIa,1,50,2020-03-21 22:31:14
142,"RT @SteHaller: Available on #iTunes #Amazon and #GooglePlay
https://t.co/UqeeJkJ2iP

$SPY $QQQ $IWM $DIA $VIX $TLT $SPX $RUT $NDX $GLD $FXE‚Ä¶",1,0,2020-03-21 22:30:59
143,"RT @TESLAcharts: 15/ After emailing @elonmusk directly with her concerns about the quality of parts $TSLA was using, @3d_Cristina left the‚Ä¶",23,0,2020-03-21 22:30:50
144,"RT @yngy6477: Experts in a field finding that Musk is full of it. Sounds like a familiar story. $TSLA
https://t.co/xhQTfWq05R",58,0,2020-03-21 22:30:06
145,"‚ÄúWe Will Make Ventilators,‚Äù Elon Musk Promises ‚Äî NYC Will Be One Buyer https://t.co/fvaOCRatRl #TeamElon $TSLA #Tesla",0,1,2020-03-21 22:30:03
146,"@TashaARK Tasha, I think you‚Äôre doing yourself a disservice career wise.  Get out of the bubble and get some opposi‚Ä¶ https://t.co/ciKfdOkY5f",0,19,2020-03-21 22:29:58
147,"Available on #iTunes #Amazon and #GooglePlay
https://t.co/UqeeJkJ2iP

$SPY $QQQ $IWM $DIA $VIX $TLT $SPX $RUT $NDX‚Ä¶ https://t.co/9nBAZQECck",1,3,2020-03-21 22:29:44
148,RT @Badger24: 13) Bottom line-$TSLA liquidity at &gt;$11bn is grossly overstated. They can afford ~$5.7bn of cash burn before hitting the wall‚Ä¶,8,0,2020-03-21 22:29:32
149,"RT @yngy6477: Experts in a field finding that Musk is full of it. Sounds like a familiar story. $TSLA
https://t.co/xhQTfWq05R",58,0,2020-03-21 22:28:48
150,"RT @yngy6477: Experts in a field finding that Musk is full of it. Sounds like a familiar story. $TSLA
https://t.co/xhQTfWq05R",58,0,2020-03-21 22:28:39
151,"RT @yngy6477: Experts in a field finding that Musk is full of it. Sounds like a familiar story. $TSLA
https://t.co/xhQTfWq05R",58,0,2020-03-21 22:28:29
152,"RT @Badger24: 1) The $TSLA liquidity thread

In a press release on Thursday, $TSLA announced pro forma total liquidity of 11.6bn as of 12/3‚Ä¶",31,0,2020-03-21 22:28:08
153,"Gigafactory 4 Berlin is doing well! üòÄüëç 
#Tesla $TSLA @elonmusk #Germany 
https://t.co/8ENd7xm8io",0,0,2020-03-21 22:27:53
154,"RT @TESLAcharts: 15/ After emailing @elonmusk directly with her concerns about the quality of parts $TSLA was using, @3d_Cristina left the‚Ä¶",23,0,2020-03-21 22:27:13
155,"RT @TESLAcharts: 8/ On April 16, 2018, @reveal published a shocking article. They reported on devastatingly unsafe conditions inside the $T‚Ä¶",23,0,2020-03-21 22:26:52
156,"RT @SmokeyShorts: Smokey Shorts $TSLA *GIVEAWAY BONANZA*

1 (one) sole WINNER gets 1 (one) $TSLA share (well, the cash equivalent). 

Must‚Ä¶",193,0,2020-03-21 22:26:44
157,RT @Badger24: 8) An add‚Äôl consideration is how much cash does $TSLA need to survive a bankruptcy. They can‚Äôt simply take cash to zero. When‚Ä¶,9,0,2020-03-21 22:26:42
158,RT @montana_skeptic: How liquid is $TSLA? Pretty darned liquid. But not as liquid as the recent 8-K suggests. And all that liquidity could‚Ä¶,3,0,2020-03-21 22:26:14
159,"RT @BradMunchen: Um, there may be other problems $TSLA is facing in China besides the sales lull due to CV19. 
$TSLAQ https://t.co/VTyLD4zX‚Ä¶",4,0,2020-03-21 22:24:45
160,"The stage of the quarantine where you have delusions and start imagining things

I know it's tough.. Hang on

$tsla‚Ä¶ https://t.co/RcNUnyz6pl",0,0,2020-03-21 22:24:42
161,RT @BSA19741: Hey @elonmusk. How about you turn off Twitter and go reevaluate the safety conditions in your workplaces? $tsla https://t.co/‚Ä¶,3,0,2020-03-21 22:24:31
162,RT @Badger24: 13) Bottom line-$TSLA liquidity at &gt;$11bn is grossly overstated. They can afford ~$5.7bn of cash burn before hitting the wall‚Ä¶,8,0,2020-03-21 22:24:21
163,"Millennials making @YouTube videos saying you can make x % returns guaranteed a week using @RobinhoodApp. 
Same peo‚Ä¶ https://t.co/Loi6bGY8Tl",0,2,2020-03-21 22:24:14
164,RT @montana_skeptic: How liquid is $TSLA? Pretty darned liquid. But not as liquid as the recent 8-K suggests. And all that liquidity could‚Ä¶,3,0,2020-03-21 22:24:10
165,"It‚Äôs time for the ‚Äúnobody gives a rats ass about what 3 Aces has to say, poll of the day‚Äù. 

Which fraud goes Bk fi‚Ä¶ https://t.co/3d9S46SUO0",0,0,2020-03-21 22:23:31
166,"RT @yngy6477: Experts in a field finding that Musk is full of it. Sounds like a familiar story. $TSLA
https://t.co/xhQTfWq05R",58,0,2020-03-21 22:23:20
167,"RT @Badger24: 1) The $TSLA liquidity thread

In a press release on Thursday, $TSLA announced pro forma total liquidity of 11.6bn as of 12/3‚Ä¶",31,0,2020-03-21 22:23:17
168,Absolutely crazy that Musk is now trying to discredit a topic that so many people are following so closely today. T‚Ä¶ https://t.co/BebR8djCOV,1,0,2020-03-21 22:23:00
169,RT @MelaynaLokosky: @Medtronic @elonmusk @Tesla Hey did $MDT give Tesla CEO Elon  Musk tips on how to deal with @TheJusticeDept @FBI when u‚Ä¶,2,0,2020-03-21 22:23:00
170,"RT @KingPickleRick1: You better hope whatever masks and ventilators musk ‚Äúcreates‚Äù have better build quality than his cars, otherwise he‚Äôs‚Ä¶",2,0,2020-03-21 22:22:50
171,RT @TheGamePlayGuru: according to #worldometer we are getting better worldwide and in the USA The death rates are getting lower! https://t.‚Ä¶,1,0,2020-03-21 22:22:50
172,"RT @Badger24: 1) The $TSLA liquidity thread

In a press release on Thursday, $TSLA announced pro forma total liquidity of 11.6bn as of 12/3‚Ä¶",31,0,2020-03-21 22:22:39
173,RT @Badger24: 12) One drawback of a CEO that doesn‚Äôt believe in Covid-19 is that $TSLA has yet to meaningfully engage in cost saves. Unfort‚Ä¶,1,0,2020-03-21 22:22:29
174,@TashaARK Tesla wont survive till then. Plz buy stock. $tsla $tslaq,0,14,2020-03-21 22:22:24
175,RT @Sandro_power: Are you serious for success in the markets? I am so sure I can help you succeed following my rules in the markets as I ha‚Ä¶,42,0,2020-03-21 22:22:02
176,Now do $tsla https://t.co/B2S2yoZ5KV,0,2,2020-03-21 22:21:58
177,RT @JayinShanghai: WOW another Chinese DIY of Tesla Cybertruck with design language from Lamborghini. (English Subtitles) once they have fi‚Ä¶,159,0,2020-03-21 22:21:49
178,RT @MikeFos88218598: @russ1mitchell Hey but you do that with all things $tsla! What gives?,1,0,2020-03-21 22:21:47
179,@TashaARK As of today they cant even keep their factory open so yeah. Fck off. $TSLA $TSLAQ,0,7,2020-03-21 22:21:43
180,"True, $TSLA has always been an imaginary company... https://t.co/THUB610V3j",0,1,2020-03-21 22:20:29
181,"RT @Model3Journey: To celebrate $TSLA over $400, like and retweet this to troll $TSLAQ ! https://t.co/KI3EdggSvT",78,0,2020-03-21 22:18:33
182,"RT @MelaynaLokosky: .@TwitterSafety allowing @ElonMusk, who is not a medical expert, make false claims to 23+ million $TWTR followers is no‚Ä¶",4,0,2020-03-21 22:18:28
183,#RT @Sandro_power: $TSLA great success with our runners for a double whammy win in massive fear with skill study th‚Ä¶ https://t.co/oG17TuTfml,0,0,2020-03-21 22:18:26
184,RT @VickiBryanBondA: @elonmusk @EdLudlow Another irresponsible &amp; likely false claim by this non-expert in Medicine &amp; #COVID19. Ventilators‚Ä¶,3,0,2020-03-21 22:18:08
185,"Wut. #COVID19 won't stop the pumping...

$TSLA $TSLAQ https://t.co/hLhvfmcIoC",0,10,2020-03-21 22:17:46
186,RT @VolumePrintcess: Over 100% GAINS on today's Daily Dark Pool Whisper trade set ups! $ES_F $SPY $IWM $QQQ $DIA $NQ_F $YN_F $CL_F $TSLA $B‚Ä¶,3,0,2020-03-21 22:17:13
187,"RT @montana_skeptic: If Elon Musk had picked up the phone to Medtronic before he spouted off about making ventilators, he would have learne‚Ä¶",12,0,2020-03-21 22:16:41
188,"RT @yngy6477: Experts in a field finding that Musk is full of it. Sounds like a familiar story. $TSLA
https://t.co/xhQTfWq05R",58,0,2020-03-21 22:16:17
189,RT @ShortingIsFun: üö®üö®üö®Panasonic steps up and will shut down operations at the Gigafactory due to #COVID19 / #Coronavirus. No word from @Tes‚Ä¶,78,0,2020-03-21 22:15:33
190,"RT @MelaynaLokosky: .@TwitterSafety allowing @ElonMusk, who is not a medical expert, make false claims to 23+ million $TWTR followers is no‚Ä¶",4,0,2020-03-21 22:15:17
191,"RT @yngy6477: Experts in a field finding that Musk is full of it. Sounds like a familiar story. $TSLA
https://t.co/xhQTfWq05R",58,0,2020-03-21 22:14:42
192,RT @WallStCynic: If you want to know why @SpaceX is seeking bailout dollars. It isn‚Äôt pretty. $TSLA https://t.co/ZjXyg3mAlM,26,0,2020-03-21 22:14:22
193,"RT @vincent13031925: Tesla Is Introducing Touch-Less Deliveries In US

$TSLA #Tesla 
https://t.co/Xjr3LnTEuJ",115,0,2020-03-21 22:13:58
194,"Experts in a field finding that Musk is full of it. Sounds like a familiar story. $TSLA
https://t.co/xhQTfWq05R",58,224,2020-03-21 22:13:45
195,"RT @MelaynaLokosky: .@TwitterSafety allowing @ElonMusk, who is not a medical expert, make false claims to 23+ million $TWTR followers is no‚Ä¶",4,0,2020-03-21 22:13:09
196,"Good Afternoon Everyone.

If you have any chart request or questions on trading or subscribing to private twitter a‚Ä¶ https://t.co/P8r6j4txmP",2,6,2020-03-21 22:12:58
197,"RT @montana_skeptic: If Elon Musk had picked up the phone to Medtronic before he spouted off about making ventilators, he would have learne‚Ä¶",12,0,2020-03-21 22:12:49
198,"RT @KKublai5: Because we have no clue about what ""vulnerable"" means

There are 65 yr olds who are recovering easily, while 30 yr olds who h‚Ä¶",1,0,2020-03-21 22:12:38
199,"RT @TiffanyPhoto1: .@elonmusk Can you define ‚Äòour team‚Äô? Can you also define ‚ÄòWe‚Äô? How will you determine where, who &amp; how many supplies yo‚Ä¶",3,0,2020-03-21 22:12:22
200,"Because we have no clue about what ""vulnerable"" means

There are 65 yr olds who are recovering easily, while 30 yr‚Ä¶ https://t.co/sYcJhpWxLI",1,4,2020-03-21 22:11:17
201,$TSLA DAILY CHARTüìä https://t.co/R97BbGY3Rh,1,4,2020-03-21 22:11:16
202,$tsla medical sales rep spotted in hospital parking lot. The new Musk respirator exploded https://t.co/np4j6bZBxO,0,0,2020-03-21 22:10:41
203,"Tell that to @elonmusk...
$TSLA https://t.co/ZK75jEIdw4",0,0,2020-03-21 22:10:01
204,"""Mathematical Certainty""
the scene when the captain of Titanic realizes she's going to sink

Sound familiar today?‚Ä¶ https://t.co/kMlJmCC7zX",2,1,2020-03-21 22:08:27
205,"How‚Äôs that #BatteryDay üîã coming along bubba?
$TSLA https://t.co/ZDV3EcGBHF",0,0,2020-03-21 22:08:01
206,".@TwitterSafety allowing @ElonMusk, who is not a medical expert, make false claims to 23+ million $TWTR followers i‚Ä¶ https://t.co/gKjTD0R6y2",4,13,2020-03-21 22:07:16
207,RT @Badger24: 8) An add‚Äôl consideration is how much cash does $TSLA need to survive a bankruptcy. They can‚Äôt simply take cash to zero. When‚Ä¶,9,0,2020-03-21 22:07:00
208,"RT @Badger24: 1) The $TSLA liquidity thread

In a press release on Thursday, $TSLA announced pro forma total liquidity of 11.6bn as of 12/3‚Ä¶",31,0,2020-03-21 22:06:32
209,"RT @Badger24: 1) The $TSLA liquidity thread

In a press release on Thursday, $TSLA announced pro forma total liquidity of 11.6bn as of 12/3‚Ä¶",31,0,2020-03-21 22:06:26
210,RT @Badger24: 8) An add‚Äôl consideration is how much cash does $TSLA need to survive a bankruptcy. They can‚Äôt simply take cash to zero. When‚Ä¶,9,0,2020-03-21 22:05:46
211,"RT @montana_skeptic: If Elon Musk had picked up the phone to Medtronic before he spouted off about making ventilators, he would have learne‚Ä¶",12,0,2020-03-21 22:05:21
212,RT @Sandro_power: $TSLA great success with our runners for a double whammy win in massive fear with skill study this  video https://t.co/OZ‚Ä¶,41,0,2020-03-21 22:05:16
213,".@elonmusk Can you define ‚Äòour team‚Äô? Can you also define ‚ÄòWe‚Äô? How will you determine where, who &amp; how many suppli‚Ä¶ https://t.co/JPz7Gf9msO",3,9,2020-03-21 22:04:28
214,"RT @tesla4k: $TSLA raised $2.31B while its market cap was $165.84B and $TSLAQ lost their s**t.

$F plans to borrow $15.4B while its market‚Ä¶",34,0,2020-03-21 22:04:19
215,"RT @TeslaHistorian: THIS DAY IN THE LIFE OF @TeslaHistorian

This is my Tesla.
It was paid by $TSLA.
I named it ""The Squeeze"". https://t.co‚Ä¶",29,0,2020-03-21 22:04:05
216,RT @shallomsoyombo: That EI will into $tsla,1,0,2020-03-21 22:03:54
217,"RT @Wheels88Fortune: @phoenixvalue Just like with the general population, Coronavirus will kill $TSLA because of pre-existing conditions.‚Ä¶",1,0,2020-03-21 22:03:44
218,RT @JayinShanghai: WOW another Chinese DIY of Tesla Cybertruck with design language from Lamborghini. (English Subtitles) once they have fi‚Ä¶,159,0,2020-03-21 22:03:34
219,"RT @MelaynaLokosky: #Tesla &amp; #SpaceX CEO Elon Musk: #Image of solving problems without the #substance necessary to solve problems.

Unethic‚Ä¶",1,0,2020-03-21 22:03:13
220,"RT @vincent13031925: C19 -Real
Temporary Shut Down -Real
Model Y Delivery-Real
Battery Day -Real
GF3 Production üìà -Real
GF4 Construction -R‚Ä¶",48,0,2020-03-21 22:03:01
221,RT @CryptoScipio: @trading_peter @CryptoGainz1 Deep out of the money puts on $SPX are always a good play when markets look  extremely hoggi‚Ä¶,1,0,2020-03-21 22:02:03
222,"Elon Musk 100% uses false equivalence to manipulate facts &amp; his Coronavirus tweets are NOT an isolated incident.
Mu‚Ä¶ https://t.co/l9BeGKc3he",0,4,2020-03-21 22:01:59
223,"@jimcramer Any rally I‚Äôm selling or shorting, any dip I‚Äôm slowly buying. #stimuluspackage $ENPH $TSLA $GOLD #GOLD",0,0,2020-03-21 22:00:21
224,The Arcimoto Deliverator Could Be The Ultimate Last Mile Delivery Vehicle https://t.co/bMJ3OLY8K3 #TeamElon $TSLA #Tesla,0,1,2020-03-21 22:00:00
225,@TSLAQQ We have to be careful here as many of those companies have very large credit arms and not all of that is op‚Ä¶ https://t.co/IxjWzYyqvk,0,0,2020-03-21 21:59:14
226,"RT @Badger24: 1) The $TSLA liquidity thread

In a press release on Thursday, $TSLA announced pro forma total liquidity of 11.6bn as of 12/3‚Ä¶",31,0,2020-03-21 21:58:57
227,"If Elon Musk had picked up the phone to Medtronic before he spouted off about making ventilators, he would have lea‚Ä¶ https://t.co/XsJtwNQhtK",12,112,2020-03-21 21:58:50
228,"RT @Badger24: 1) The $TSLA liquidity thread

In a press release on Thursday, $TSLA announced pro forma total liquidity of 11.6bn as of 12/3‚Ä¶",31,0,2020-03-21 21:58:43
229,They made bonds trade with negative yields for the longest of times. $TSLA traded 950. Now they're backstopping cor‚Ä¶ https://t.co/dx7uXHcCt8,0,22,2020-03-21 21:58:15
230,RT @Sandro_power: $TSLA great success with our runners for a double whammy win in massive fear with skill study this  video https://t.co/OZ‚Ä¶,41,0,2020-03-21 21:58:02
231,"RT @NickyTaleb: ""Elon Musk uses Twitter wisely.""

- Robyn Denholm, $TSLA Chair.",2,0,2020-03-21 21:57:41
232,RT @KyleTheBell: @zachroy_ Time to buy $UWT $TSLA $APPL #TvixPuts ü§ëü§ëü§ë,1,0,2020-03-21 21:55:30
233,"RT @passthebeano: Short version: 

""We are grateful for the money pledged by @elonmusk and look forward to to extended ski trips in the Alp‚Ä¶",1,0,2020-03-21 21:55:19
234,"RT @TheInstitute5: @caetuscap And $TSLA's sold 6,000 fewer cars -- that's $6,600,000 per car.",1,0,2020-03-21 21:55:09
235,RT @style_and_steel: Twitter is awesome!!!! $TSLA https://t.co/oUAYPJoXoM,1,0,2020-03-21 21:53:58
236,"RT @JordanWells33: @elonmusk @Cernovich well yeah, you‚Äôre in cahoots with the CCP. If that was ever in question, it should be clear now.

J‚Ä¶",12,0,2020-03-21 21:53:48
237,"RT @style_and_steel: now if only they had some to sell, it will still take months to install poorly $TSLA https://t.co/6UhbjHgIkS",1,0,2020-03-21 21:52:38
238,RT @Badger24: 13) Bottom line-$TSLA liquidity at &gt;$11bn is grossly overstated. They can afford ~$5.7bn of cash burn before hitting the wall‚Ä¶,8,0,2020-03-21 21:52:34
239,"RT @Convertbond: Cost of Credit Default Protection: Ford $F and Tesla $TSLA

This image below says a lot about just how much the world has‚Ä¶",26,0,2020-03-21 21:52:27
240,RT @Badger24: $TSLA is the first tech company to have an auto company risk profile.,4,0,2020-03-21 21:51:51
241,"RT @Badger24: 1) The $TSLA liquidity thread

In a press release on Thursday, $TSLA announced pro forma total liquidity of 11.6bn as of 12/3‚Ä¶",31,0,2020-03-21 21:51:27
242,RT @Junheng_Li: @BradMunchen There has been rising complaints re actual mileage for MIC $TSLA cars.  Those are discussions from tsla buyer‚Ä¶,17,0,2020-03-21 21:50:27
243,"RT @Badger24: 1) The $TSLA liquidity thread

In a press release on Thursday, $TSLA announced pro forma total liquidity of 11.6bn as of 12/3‚Ä¶",31,0,2020-03-21 21:50:24
244,"RT @almost_noob: $TSLA Extreme highs then back down to it's normal levels. 
A few days should tell the story on where this will go. It was‚Ä¶",1,0,2020-03-21 21:50:16
245,Do not trust companies providing information on liquidity when that should not be necessary. $TSLA https://t.co/2ibjKUHlwL,2,6,2020-03-21 21:50:12
246,RT @WallStCynic: If you want to know why @SpaceX is seeking bailout dollars. It isn‚Äôt pretty. $TSLA https://t.co/ZjXyg3mAlM,26,0,2020-03-21 21:50:06
247,This is great $TSLA  #coronavirus https://t.co/j3YhhLYRXV,1,0,2020-03-21 21:49:24
248,"$TSLA Nothing you greedy, selfish, millennials.  You get nothing. https://t.co/sbekMIBSAy https://t.co/7zldDLjoZW",1,2,2020-03-21 21:48:44
249,RT @ONEWALLSTREET: $ABMC located in #NewYork already has #COVID„Éº19 test kits available. Healthy balance sheet near 0 debt. Only 32 mil OS w‚Ä¶,10,0,2020-03-21 21:48:38
250,@Sandro_power $tsla massive plans and winner,1,0,2020-03-21 21:48:20
251,RT @WallStCynic: If you want to know why @SpaceX is seeking bailout dollars. It isn‚Äôt pretty. $TSLA,26,0,2020-03-21 21:48:14
252,RT @Sandro_power: $TSLA great success with our runners for a double whammy win in massive fear with skill study this  video https://t.co/OZ‚Ä¶,41,0,2020-03-21 21:48:02
253,"A normal hero makes a perfectly accurate estimation on elon‚Äôs character that goes viral, gets dogpiled by muskatari‚Ä¶ https://t.co/bSgHUKt2r9",1,3,2020-03-21 21:47:40
254,"RT @Badger24: 1) The $TSLA liquidity thread

In a press release on Thursday, $TSLA announced pro forma total liquidity of 11.6bn as of 12/3‚Ä¶",31,0,2020-03-21 21:46:26
255,RT @BSA19741: Hey @elonmusk. How about you turn off Twitter and go reevaluate the safety conditions in your workplaces? $tsla https://t.co/‚Ä¶,3,0,2020-03-21 21:46:10
256,RT @BSA19741: Hey @elonmusk. How about you turn off Twitter and go reevaluate the safety conditions in your workplaces? $tsla https://t.co/‚Ä¶,3,0,2020-03-21 21:46:01
257,RT @Sandro_power: $TSLA great success with our runners for a double whammy win in massive fear with skill study this  video https://t.co/OZ‚Ä¶,41,0,2020-03-21 21:45:49
258,RT @TDANetwork: Just how bad will this environment be for some of tech‚Äôs biggest players? We have to take a ‚Äúscorched earth‚Äù approach to fi‚Ä¶,13,0,2020-03-21 21:45:42
259,"RT @TESLAcharts: 15/ After emailing @elonmusk directly with her concerns about the quality of parts $TSLA was using, @3d_Cristina left the‚Ä¶",23,0,2020-03-21 21:45:19
260,"RT @TESLAcharts: 8/ On April 16, 2018, @reveal published a shocking article. They reported on devastatingly unsafe conditions inside the $T‚Ä¶",23,0,2020-03-21 21:44:47
261,RT @Badger24: 8) An add‚Äôl consideration is how much cash does $TSLA need to survive a bankruptcy. They can‚Äôt simply take cash to zero. When‚Ä¶,9,0,2020-03-21 21:44:35
262,"RT @Badger24: 1) The $TSLA liquidity thread

In a press release on Thursday, $TSLA announced pro forma total liquidity of 11.6bn as of 12/3‚Ä¶",31,0,2020-03-21 21:44:20
263,"RT @Badger24: 1) The $TSLA liquidity thread

In a press release on Thursday, $TSLA announced pro forma total liquidity of 11.6bn as of 12/3‚Ä¶",31,0,2020-03-21 21:44:14
264,Hey @elonmusk. How about you turn off Twitter and go reevaluate the safety conditions in your workplaces? $tsla https://t.co/mF1d5DI4I8,3,53,2020-03-21 21:43:55
265,RT @Sandro_power: Are you serious for success in the markets? I am so sure I can help you succeed following my rules in the markets as I ha‚Ä¶,42,0,2020-03-21 21:43:53
266,RT @Badger24: 13) Bottom line-$TSLA liquidity at &gt;$11bn is grossly overstated. They can afford ~$5.7bn of cash burn before hitting the wall‚Ä¶,8,0,2020-03-21 21:43:39
267,How liquid is $TSLA? Pretty darned liquid. But not as liquid as the recent 8-K suggests. And all that liquidity cou‚Ä¶ https://t.co/fZw4zv9cNU,3,35,2020-03-21 21:43:17
268,"RT @Badger24: 1) The $TSLA liquidity thread

In a press release on Thursday, $TSLA announced pro forma total liquidity of 11.6bn as of 12/3‚Ä¶",31,0,2020-03-21 21:42:49
269,@Medtronic @elonmusk @Tesla Hey did $MDT give Tesla CEO Elon  Musk tips on how to deal with @TheJusticeDept @FBI wh‚Ä¶ https://t.co/Ec7O1mF5ns,2,9,2020-03-21 21:42:09
270,according to #worldometer we are getting better worldwide and in the USA The death rates are getting lower!‚Ä¶ https://t.co/zcaV5EqcC9,1,0,2020-03-21 21:41:37
271,"RT @Badger24: 1) The $TSLA liquidity thread

In a press release on Thursday, $TSLA announced pro forma total liquidity of 11.6bn as of 12/3‚Ä¶",31,0,2020-03-21 21:38:19
272,Hey do think the @Medtronic team gave @ElonMusk tips on how to deal with @TheJusticeDept @FBI during criminal inves‚Ä¶ https://t.co/wumwmvCWo9,0,2,2020-03-21 21:38:08
273,RT @Sandro_power: $TSLA great success with our runners for a double whammy win in massive fear with skill study this  video https://t.co/OZ‚Ä¶,41,0,2020-03-21 21:38:08
274,"RT @orthereaboot: Thread:

Why does Musk continually downplay Covid-19 &amp; its threat to society? Why is he recklessly ignoring gov't directi‚Ä¶",57,0,2020-03-21 21:38:07
275,RT @GS_CapSF: Panasonic to suspend battery production at Tesla joint venture in... https://t.co/ULVQwL3v2l $TSLA,2,0,2020-03-21 21:37:46
276,RT @KingPickleRick1: $TSLA $TSLA $BA $SPY RETWEET TO SAVE A LIFE. PEOPLE SHOULD INGORE THE CHARLATAN THAT IS @elonmusk AND HIS HOARDE OF TO‚Ä¶,19,0,2020-03-21 21:37:31
277,"Thinking about going long into $tsla delivery numbers. While all frauds fall apart, this seems like a good opportun‚Ä¶ https://t.co/rT6Q5djJlu",0,4,2020-03-21 21:36:20
278,"$TSLA - Which goes bankrupt first, SpaceX or Tesla? https://t.co/sLQA0aQ5C6",0,7,2020-03-21 21:36:19
279,"RT @OMillionaires: Some performances since Feb 19th(21 trading sessions):

$FB -31.3%
$AAPL -28.1%
$NFLX -14.1%
$AMZN -14.4%
$MSFT -26.4%
$‚Ä¶",209,0,2020-03-21 21:36:18
280,"RT @Badger24: 1) The $TSLA liquidity thread

In a press release on Thursday, $TSLA announced pro forma total liquidity of 11.6bn as of 12/3‚Ä¶",31,0,2020-03-21 21:35:38
281,RT @WallStCynic: If you want to know why @SpaceX is seeking bailout dollars. It isn‚Äôt pretty. $TSLA,26,0,2020-03-21 21:35:23
282,RT @phoenixvalue: Will the US Coronavirus crisis kill $TSLA?,1,0,2020-03-21 21:34:31
283,RT @Sandro_power: $TSLA great success with our runners for a double whammy win in massive fear with skill study this  video https://t.co/OZ‚Ä¶,41,0,2020-03-21 21:32:40
284,RT @Sandro_power: $TSLA great success with our runners for a double whammy win in massive fear with skill study this  video https://t.co/OZ‚Ä¶,41,0,2020-03-21 21:32:29
285,@Sandro_power Are you serious? $TSLA $AAPL,0,1,2020-03-21 21:32:19
286,"You better hope whatever masks and ventilators musk ‚Äúcreates‚Äù have better build quality than his cars, otherwise he‚Ä¶ https://t.co/sSx1nAmgF3",2,10,2020-03-21 21:32:08
287,@Sandro_power $TSLA recap of $TSLA call option plan.,0,1,2020-03-21 21:31:42
288,RT @Sandro_power: Are you serious for success in the markets? I am so sure I can help you succeed following my rules in the markets as I ha‚Ä¶,42,0,2020-03-21 21:31:29
289,RT @Sandro_power: $TSLA great success with our runners for a double whammy win in massive fear with skill study this  video https://t.co/OZ‚Ä¶,41,0,2020-03-21 21:31:22
290,RT @Sandro_power: $TSLA great success with our runners for a double whammy win in massive fear with skill study this  video https://t.co/OZ‚Ä¶,39,0,2020-03-21 21:31:18
291,13) Bottom line-$TSLA liquidity at &gt;$11bn is grossly overstated. They can afford ~$5.7bn of cash burn before hittin‚Ä¶ https://t.co/71IwufQoRo,8,59,2020-03-21 21:31:09
292,12) One drawback of a CEO that doesn‚Äôt believe in Covid-19 is that $TSLA has yet to meaningfully engage in cost sav‚Ä¶ https://t.co/bruViGuVg3,1,25,2020-03-21 21:31:08
293,"11) It‚Äôs certainly not hard to envision a scenario where an extended shutdown, coupled with a slow resumption of bu‚Ä¶ https://t.co/YWlYM8jVGE",0,22,2020-03-21 21:31:08
294,8) An add‚Äôl consideration is how much cash does $TSLA need to survive a bankruptcy. They can‚Äôt simply take cash to‚Ä¶ https://t.co/nA1oPlOgDr,9,31,2020-03-21 21:31:07
295,"7) Ultimately, I don‚Äôt believe the banks will balk at funding if it means $TSLA files.  Therefore I view the $500mm‚Ä¶ https://t.co/xSWoiF5yVy",0,24,2020-03-21 21:31:07
296,6) The last $500mm is undrawn availability under $TSLA‚Äôs Credit Agreement.  This availability is subject to a numbe‚Ä¶ https://t.co/ba0vpyEBIv,0,25,2020-03-21 21:31:06
297,5) $1bn of availability is for vehicle and solar leases.  These lines can only be drawn to fund vehicle leases and‚Ä¶ https://t.co/qAADYXrPYn,0,21,2020-03-21 21:31:06
298,"2) $TSLA claims Pro Forma (PF) Cash totals $8.6bn, consisting of $2.3bn proceeds from the Feb equity offering and $‚Ä¶ https://t.co/vwXTn8NZym",0,23,2020-03-21 21:31:05
299,"1) The $TSLA liquidity thread

In a press release on Thursday, $TSLA announced pro forma total liquidity of 11.6bn‚Ä¶ https://t.co/HiLJIspjUb",31,128,2020-03-21 21:31:04
300,RT @WallStCynic: If you want to know why @SpaceX is seeking bailout dollars. It isn‚Äôt pretty. $TSLA https://t.co/ZjXyg3mAlM,26,0,2020-03-21 21:30:49
301,RT @Sandro_power: Are you serious for success in the markets? I am so sure I can help you succeed following my rules in the markets as I ha‚Ä¶,42,0,2020-03-21 21:30:38
302,Musk Talks Ventilators With Medtronic as it Doubles Production $TSLA $MDT https://t.co/Q2K3MAS8uk,0,0,2020-03-21 21:29:44
303,RT @Sandro_power: $TSLA great success with our runners for a double whammy win in massive fear with skill study this  video https://t.co/OZ‚Ä¶,41,0,2020-03-21 21:29:26
304,RT @Sandro_power: $TSLA great success with our runners for a double whammy win in massive fear with skill study this  video https://t.co/OZ‚Ä¶,41,0,2020-03-21 21:29:14
305,RT @Sandro_power: $TSLA great success with our runners for a double whammy win in massive fear with skill study this  video https://t.co/OZ‚Ä¶,41,0,2020-03-21 21:28:56
306,@EliteOptions2 $tsla please,0,0,2020-03-21 21:28:45
307,RT @Sandro_power: $TSLA great success with our runners for a double whammy win in massive fear with skill study this  video https://t.co/OZ‚Ä¶,41,0,2020-03-21 21:27:51
308,"RT @SheepleAnalytic: It took someone 477 shares traded to move $TSLA from $420 to $430 in less than 1 second

It took that same person 109‚Ä¶",21,0,2020-03-21 21:27:33
309,"RT @NickyTaleb: ""Elon Musk uses Twitter wisely.""

- Robyn Denholm, $TSLA Chair.",2,0,2020-03-21 21:26:20
310,RT @WallStCynic: If you want to know why @SpaceX is seeking bailout dollars. It isn‚Äôt pretty. $TSLA https://t.co/ZjXyg3mAlM,26,0,2020-03-21 21:26:17
311,"RT @Workol1c: Alguns desempenhos desde 19 de fevereiro'20: 

$FB -31.3%
$AAPL -28.1%
$NFLX -14.1%
$AMZN -14.4%
$MSFT -26.4%
$GOOGL -29.7%
$‚Ä¶",1,0,2020-03-21 21:26:03
312,$TSLA great success with our runners for a double whammy win in massive fear with skill study this  video‚Ä¶ https://t.co/Go61kChtmo,41,41,2020-03-21 21:25:04
313,RT @DowdEdward: I thought Twitter had a new policy of making people delete tweets that minimize the #Coronavirus...apparently if the CEO of‚Ä¶,16,0,2020-03-21 21:24:48
314,"RT @TeslaHistorian: THIS DAY IN THE LIFE OF @TeslaHistorian

This is my Tesla.
It was paid by $TSLA.
I named it ""The Squeeze"". https://t.co‚Ä¶",29,0,2020-03-21 21:24:40
315,That EI will into $tsla,1,0,2020-03-21 21:24:32
316,"@phoenixvalue Just like with the general population, Coronavirus will kill $TSLA because of pre-existing conditions.  

$TSLAQ",1,5,2020-03-21 21:24:24
317,RT @JayinShanghai: WOW another Chinese DIY of Tesla Cybertruck with design language from Lamborghini. (English Subtitles) once they have fi‚Ä¶,159,0,2020-03-21 21:22:57
318,"#Tesla &amp; #SpaceX CEO Elon Musk: #Image of solving problems without the #substance necessary to solve problems.

Une‚Ä¶ https://t.co/jB14QvLfxE",1,0,2020-03-21 21:20:02
319,RT @WallStCynic: If you want to know why @SpaceX is seeking bailout dollars. It isn‚Äôt pretty. $TSLA https://t.co/ZjXyg3mAlM,26,0,2020-03-21 21:19:37
320,@trading_peter @CryptoGainz1 Deep out of the money puts on $SPX are always a good play when markets look  extremely‚Ä¶ https://t.co/IIUTREzrqP,1,0,2020-03-21 21:18:07
321,"How long until he calls the physicians ‚Äòpedo guys‚Äô?

@elonmusk #TESLA $TSLA #Covid_19 #COVID„Éº19 https://t.co/waZK3aw6xH",0,1,2020-03-21 21:17:16
322,Will the US Coronavirus crisis kill $TSLA?,1,1,2020-03-21 21:15:28
323,"Alguns desempenhos desde 19 de fevereiro'20: 

$FB -31.3%
$AAPL -28.1%
$NFLX -14.1%
$AMZN -14.4%
$MSFT -26.4%‚Ä¶ https://t.co/W3WAVuslix",1,4,2020-03-21 21:15:12
324,RT @WallStCynic: If you want to know why @SpaceX is seeking bailout dollars. It isn‚Äôt pretty. $TSLA,26,0,2020-03-21 21:14:43
325,RT @Paul_M_Huettner: We‚Äôre one tweet away from saying the #coronavirus isn‚Äôt dangerous at all. #Covid_19 #asshole $TSLA https://t.co/hqEFpm‚Ä¶,10,0,2020-03-21 21:13:58
326,RT @AlmingtonCap: Even the most troglodytic knuckle-dragging financial planner will usually have the good sense to advise clients to aim to‚Ä¶,10,0,2020-03-21 21:13:02
327,RT @WallStCynic: If you want to know why @SpaceX is seeking bailout dollars. It isn‚Äôt pretty. $TSLA,26,0,2020-03-21 21:12:12
328,"""Elon Musk uses Twitter wisely.""

- Robyn Denholm, $TSLA Chair.",2,21,2020-03-21 21:12:01
329,"RT @ShortingIsFun: @Medtronic @elonmusk @Tesla Seriously, you're better off teaming with the remnants of Yugo or Trabant that #Tesla. Be ve‚Ä¶",2,0,2020-03-21 21:11:17
330,RT @Sandro_power: Are you serious for success in the markets? I am so sure I can help you succeed following my rules in the markets as I ha‚Ä¶,42,0,2020-03-21 21:09:11
331,@zachroy_ Time to buy $UWT $TSLA $APPL #TvixPuts ü§ëü§ëü§ë,1,0,2020-03-21 21:08:35
332,"Short version: 

""We are grateful for the money pledged by @elonmusk and look forward to to extended ski trips in t‚Ä¶ https://t.co/kU7cCgzk86",1,7,2020-03-21 21:08:09
333,"@caetuscap And $TSLA's sold 6,000 fewer cars -- that's $6,600,000 per car.",1,1,2020-03-21 21:07:38
334,RT @Junheng_Li: @BradMunchen There has been rising complaints re actual mileage for MIC $TSLA cars.  Those are discussions from tsla buyer‚Ä¶,17,0,2020-03-21 21:07:22
335,RT @KingPickleRick1: $TSLA $TSLA $BA $SPY RETWEET TO SAVE A LIFE. PEOPLE SHOULD INGORE THE CHARLATAN THAT IS @elonmusk AND HIS HOARDE OF TO‚Ä¶,19,0,2020-03-21 21:06:33
336,Twitter is awesome!!!! $TSLA https://t.co/oUAYPJoXoM,1,2,2020-03-21 21:06:00
337,"RT @JordanWells33: @elonmusk @Cernovich well yeah, you‚Äôre in cahoots with the CCP. If that was ever in question, it should be clear now.

J‚Ä¶",12,0,2020-03-21 21:04:57
338,"Well said.

$TSLA https://t.co/ndKavj8ily",0,1,2020-03-21 21:04:27
339,"now if only they had some to sell, it will still take months to install poorly $TSLA https://t.co/6UhbjHgIkS",1,2,2020-03-21 21:04:17
340,RT @WallStCynic: If you want to know why @SpaceX is seeking bailout dollars. It isn‚Äôt pretty. $TSLA,26,0,2020-03-21 21:03:29
341,"RT @vincent13031925: Tesla Is Introducing Touch-Less Deliveries In US

$TSLA #Tesla 
https://t.co/Xjr3LnTEuJ",115,0,2020-03-21 21:03:28
342,RT @Junheng_Li: @BradMunchen There has been rising complaints re actual mileage for MIC $TSLA cars.  Those are discussions from tsla buyer‚Ä¶,17,0,2020-03-21 21:03:08
343,"$TSLA Extreme highs then back down to it's normal levels. 
A few days should tell the story on where this will go.‚Ä¶ https://t.co/4YZL1YipUu",1,4,2020-03-21 21:02:50
344,RT @WallStCynic: If you want to know why @SpaceX is seeking bailout dollars. It isn‚Äôt pretty. $TSLA,26,0,2020-03-21 21:02:16
345,Don't miss our next FREE OPTION TRADE.  Sign up for our Daily Free Trades at https://t.co/CSxqdFA9n9 $NVDA $TSLA $GS $REGN $BAC $GOOGL $FB,0,0,2020-03-21 21:00:35
346,"RT @TNR_Gold: Over the past twenty-four years, #TNRGold, through its lead generator business model, has been successful in generating high-‚Ä¶",3,0,2020-03-21 20:59:34
347,"How about the rest of Elon's #COVID19 Tweets where he says panic is dumb...a lot of 'false positives'....etc.

THE‚Ä¶ https://t.co/4EqMAyRQp7",0,2,2020-03-21 20:58:52
348,So i guess no #robotaxis in 2020 then? @TESLAcharts @RoboTaxiBot $TSLA $TSLAQ,0,4,2020-03-21 20:58:26
349,RT @Sandro_power: Are you serious for success in the markets? I am so sure I can help you succeed following my rules in the markets as I ha‚Ä¶,42,0,2020-03-21 20:57:55
350,"@CGasparino @MorganStanley Will $Tsla's ""cash rich"" bal sheet make it to June?
Given how Musk downplayed this crisi‚Ä¶ https://t.co/QyKUnZV0oG",0,0,2020-03-21 20:57:00
351,RT @WallStCynic: If you want to know why @SpaceX is seeking bailout dollars. It isn‚Äôt pretty. $TSLA,26,0,2020-03-21 20:56:57
352,RT @WallStCynic: If you want to know why @SpaceX is seeking bailout dollars. It isn‚Äôt pretty. $TSLA https://t.co/ZjXyg3mAlM,26,0,2020-03-21 20:56:35
353,RT @WallStCynic: If you want to know why @SpaceX is seeking bailout dollars. It isn‚Äôt pretty. $TSLA,26,0,2020-03-21 20:55:26
354,via WallStCynic: If you want to know why @SpaceX is seeking bailout dollars. It isn‚Äôt pretty. $TSLA $tsla,0,1,2020-03-21 20:55:17
355,RT @WallStCynic: If you want to know why @SpaceX is seeking bailout dollars. It isn‚Äôt pretty. $TSLA https://t.co/ZjXyg3mAlM,26,0,2020-03-21 20:55:01
356,RT @GerberKawasaki: Tesla is currently retooling and re working the factory for efficiency. If they know they are down for a month they can‚Ä¶,69,0,2020-03-21 20:54:34
357,$TSLA The only vehicles my kids care to call out on the road when they see one are Tesla‚Äôs. https://t.co/WXKfOMr6Io,0,1,2020-03-21 20:54:26
358,"I'll stipulate that whatever one thinks of $TSLA &amp; Musk's conduct, he's a gifted &amp; brilliant man.

But using his ""p‚Ä¶ https://t.co/zucLtRDrEk",0,3,2020-03-21 20:54:02
359,If you want to know why @SpaceX is seeking bailout dollars. It isn‚Äôt pretty. $TSLA https://t.co/ZjXyg3mAlM,26,93,2020-03-21 20:53:51
360,"I love the joy and goodwill that Tesla Supporters feel towards their fellow Man.

$TSLA #LongThesis https://t.co/4QFG8Lpk7b",0,4,2020-03-21 20:53:46
361,@jeffskoll Who will do that when $tsla Files for bankruptcy?,0,0,2020-03-21 20:52:39
362,RT @SteveHamel16: As a $TSLA shareholder I approve and encourage this behavior,5,0,2020-03-21 20:52:34
363,"""Panasonic¬†Corp said on Saturday it will temporarily suspend production at its battery joint venture with U.S. elec‚Ä¶ https://t.co/EOPAzcje25",1,4,2020-03-21 20:51:17
364,RT @Sandro_power: $TSLA great success with our runners for a double whammy win in massive fear with skill study this  video https://t.co/OZ‚Ä¶,39,0,2020-03-21 20:50:29
365,RT @Sandro_power: Are you serious for success in the markets? I am so sure I can help you succeed following my rules in the markets as I ha‚Ä¶,42,0,2020-03-21 20:50:22
366,"RT @ShortingIsFun: The first business casualty of the Musk empire?

#SpaceX $TSLA https://t.co/AU0l8UaoBX",2,0,2020-03-21 20:49:43
367,RT @Sandro_power: Are you serious for success in the markets? I am so sure I can help you succeed following my rules in the markets as I ha‚Ä¶,42,0,2020-03-21 20:47:55
368,"RT @OMillionaires: Some performances since Feb 19th(21 trading sessions):

$FB -31.3%
$AAPL -28.1%
$NFLX -14.1%
$AMZN -14.4%
$MSFT -26.4%
$‚Ä¶",209,0,2020-03-21 20:47:04
369,RT @Sandro_power: $TSLA great success with our runners for a double whammy win in massive fear with skill study this  video https://t.co/OZ‚Ä¶,39,0,2020-03-21 20:46:32
370,I run an inverse auto company. Do I qualify for a bailout? $tsla $tslaQ,0,1,2020-03-21 20:45:40
371,$TSLA 1H Chart 2/25 at https://t.co/WcNJp0Eu4l Looking for further correction #elliottwave #trading https://t.co/igvXcEPh6p,0,0,2020-03-21 20:45:00
372,RT @SteveHamel16: As a $TSLA shareholder I approve and encourage this behavior,5,0,2020-03-21 20:44:24
373,"@ICannot_Enough @28delayslater Ooo.  I was right in all these predictions.  March 2019 $tsla teetering, had to sell‚Ä¶ https://t.co/OexvO8TgzR",0,1,2020-03-21 20:44:21
374,"The first business casualty of the Musk empire?

#SpaceX $TSLA https://t.co/AU0l8UaoBX",2,17,2020-03-21 20:43:16
375,"RT @TiffanyPhoto1: Define ‚Äòshould‚Äô in real time 
cc: ‚Å¶@GavinNewsom‚Å© 

.@elonmusk‚Å© : Should Have 1000 Ventilators Next Week, + 250,000 N95 M‚Ä¶",1,0,2020-03-21 20:43:15
376,@Keubiko The suppliers were already under pressure because $TSLA put them under pressure to de facto fund $TSLA.‚Ä¶ https://t.co/wRQ7CaK8v4,0,1,2020-03-21 20:43:03
377,"Now this is better. 

Turn bad PR into good PR. 

Helping people and raising awareness of the TSLA brand = win-win.‚Ä¶ https://t.co/Tj63F3Qusl",0,4,2020-03-21 20:42:37
378,"""Build a hyperloop going from NY to DC in 29 minutes despite big auto FUD. Ballpark figure.""

#Tesla $tsla $tslaq",0,5,2020-03-21 20:42:01
379,"RT @fly4dat: Just bullshitting a lot on Twitter about whatever catastrophe I can gain some PR with. Very impressive platform!

$TSLA $TSLAQ‚Ä¶",8,0,2020-03-21 20:42:00
380,@elonmusk How many ventilators did $TSLA build today?,0,0,2020-03-21 20:41:22
381,"RT @vincent13031925: Tesla Is Introducing Touch-Less Deliveries In US

$TSLA #Tesla 
https://t.co/Xjr3LnTEuJ",115,0,2020-03-21 20:40:41
382,"Fact check: FALSE
Correct grammar reads:
‚ÄúNever actually helpS‚Äù
$TSLA $TSLAQ https://t.co/NrvmhUad7s",0,0,2020-03-21 20:40:36
383,RT @Junheng_Li: @BradMunchen There has been rising complaints re actual mileage for MIC $TSLA cars.  Those are discussions from tsla buyer‚Ä¶,17,0,2020-03-21 20:36:49
384,"Musk will never admit he's wrong, even if he made a bet.
Remember that signed dollar he promised?

$TSLA",0,9,2020-03-21 20:36:34
385,RT @KingPickleRick1: $TSLA $TSLA $BA $SPY RETWEET TO SAVE A LIFE. PEOPLE SHOULD INGORE THE CHARLATAN THAT IS @elonmusk AND HIS HOARDE OF TO‚Ä¶,19,0,2020-03-21 20:33:53
386,"Me : Mom &amp; Dad, you're staying with us during quarantine

&lt; half hr later &gt;

Mom : Go shave. You look terrible.
Put‚Ä¶ https://t.co/OVkiYCQ9bA",0,21,2020-03-21 20:32:35
387,"RT @TNR_Gold: Over the past twenty-four years, #TNRGold, through its lead generator business model, has been successful in generating high-‚Ä¶",3,0,2020-03-21 20:32:22
388,"@Medtronic @elonmusk @Tesla Seriously, you're better off teaming with the remnants of Yugo or Trabant that #Tesla.‚Ä¶ https://t.co/yXagTLYlLH",2,43,2020-03-21 20:31:57
389,"RT @OMillionaires: Some performances since Feb 19th(21 trading sessions):

$FB -31.3%
$AAPL -28.1%
$NFLX -14.1%
$AMZN -14.4%
$MSFT -26.4%
$‚Ä¶",209,0,2020-03-21 20:31:34
390,"RT @vincent13031925: Tesla Is Introducing Touch-Less Deliveries In US

$TSLA #Tesla 
https://t.co/Xjr3LnTEuJ",115,0,2020-03-21 20:31:13
391,"RT @OMillionaires: Some performances since Feb 19th(21 trading sessions):

$FB -31.3%
$AAPL -28.1%
$NFLX -14.1%
$AMZN -14.4%
$MSFT -26.4%
$‚Ä¶",209,0,2020-03-21 20:30:20
392,RT @AlmingtonCap: It‚Äôs almost like Elon was never actuallyva humanitarian... $TSLA $TSLAQ https://t.co/kaNoXJDk2n,1,0,2020-03-21 20:30:02
393,"RT @FUDlife420: #TeslaPaintIssues #TeslaUKIssues $tsla $tslaq
3-month old Model 3 LR with 6k miles:
""Is my wheel arch paint normal?""

""Norm‚Ä¶",3,0,2020-03-21 20:29:52
394,RT @Sandro_power: Are you serious for success in the markets? I am so sure I can help you succeed following my rules in the markets as I ha‚Ä¶,42,0,2020-03-21 20:29:41
395,RT @sbalatan: $TSLA - Fun with accounting https://t.co/qb9lBge0ns,2,0,2020-03-21 20:29:41
396,"RT @Teslaconomics: How $TSLA investors truly feel about the stock price. 

$900: üòç
$800: üòçüòç
$700: üòçüòçüòç
$600: üòçüòçüòçüòç
$500: üòçüòçüòçüòçüòç
$400: üòçüòçüòçüòçüòçüòç‚Ä¶",45,0,2020-03-21 20:29:35
397,RT @Sandro_power: $TSLA great success with our runners for a double whammy win in massive fear with skill study this  video https://t.co/OZ‚Ä¶,39,0,2020-03-21 20:28:59
398,RT @sbalatan: $TSLA - Fun with accounting https://t.co/qb9lBge0ns,2,0,2020-03-21 20:28:41
399,RT @DowdEdward: I thought Twitter had a new policy of making people delete tweets that minimize the #Coronavirus...apparently if the CEO of‚Ä¶,16,0,2020-03-21 20:28:31
400,RT @teslacito: @themario1u @elonmusk No. A $TSLA holder for years now.,1,0,2020-03-21 20:28:21
401,"RT @OMillionaires: Some performances since Feb 19th(21 trading sessions):

$FB -31.3%
$AAPL -28.1%
$NFLX -14.1%
$AMZN -14.4%
$MSFT -26.4%
$‚Ä¶",209,0,2020-03-21 20:28:14
402,RT @AlmingtonCap: Will directly endangering children finally convince people that Elon is an utterly contemptible piece of human garbage? P‚Ä¶,7,0,2020-03-21 20:28:10
403,RT @Sandro_power: $TSLA great success with our runners for a double whammy win in massive fear with skill study this  video https://t.co/OZ‚Ä¶,39,0,2020-03-21 20:28:08
404,RT @Sandro_power: Are you serious for success in the markets? I am so sure I can help you succeed following my rules in the markets as I ha‚Ä¶,42,0,2020-03-21 20:28:03
405,RT @Biggie_Calls: @tedstein I feel you my friend. Its time to #cancel @elonmusk  . Fck Elon Musk cancel this a**hole. #coronavirus #COVID„Éº1‚Ä¶,1,0,2020-03-21 20:28:00
406,Prove ur convictions of the misinformation u are spreading &amp; walk the $Tsla factory w workers u forced to be there‚Ä¶ https://t.co/o4sEVVNcVH,0,0,2020-03-21 20:27:31
407,"RT @RudyHavenstein: @steveclapham @realvision Q: What's your view on Tesla?

A: Funny thing about Tesla is where do you start. We used Tesl‚Ä¶",3,0,2020-03-21 20:25:29
408,"Over the past twenty-four years, #TNRGold, through its lead generator business model, has been successful in genera‚Ä¶ https://t.co/yh1iaAvTUa",3,2,2020-03-21 20:25:03
409,"Tesla should start manufacturing vibrators, Elon Musk‚Äôs already made a few prototypes for his gaping asshole that s‚Ä¶ https://t.co/QU16d5Q20d",0,1,2020-03-21 20:24:21
410,"@Araphatso Stock price at all times before 12/25 was lower than it is now.  The market see $TSLA as more valuable,‚Ä¶ https://t.co/NAs6EkWFgh",0,9,2020-03-21 20:24:19
411,RT @Sandro_power: Are you serious for success in the markets? I am so sure I can help you succeed following my rules in the markets as I ha‚Ä¶,42,0,2020-03-21 20:23:51
412,"RT @RudyHavenstein: @steveclapham @realvision Q: What's your view on Tesla?

A: Funny thing about Tesla is where do you start. We used Tesl‚Ä¶",3,0,2020-03-21 20:23:37
413,RT @SteveHamel16: As a $TSLA shareholder I approve and encourage this behavior,5,0,2020-03-21 20:23:14
414,"RT @freshjiva: After the last equity raise, $TSLA has the highest liquidity of all automaker balance sheets in the world. Even better than‚Ä¶",44,0,2020-03-21 20:21:40
415,"Afternoon Most Tweeted Big Caps, check out Gambiste Top 10: $BA $TSLA $DAL $PXD $GS $ABB $TDOC $GM $SBUX $TWTR https://t.co/k3uyuEbRpJ",0,1,2020-03-21 20:21:39
416,RT @AlmingtonCap: Even the most troglodytic knuckle-dragging financial planner will usually have the good sense to advise clients to aim to‚Ä¶,10,0,2020-03-21 20:20:25
417,RT @Pogiboi77: #RT @Sandro_power: Are you serious for success in the markets? I am so sure I can help you succeed following my rules in the‚Ä¶,1,0,2020-03-21 20:20:15
418,"Were they suggesting you study engineering, because you aren't an engineer and would have nothing positive to offer‚Ä¶ https://t.co/9rSk62dIy1",2,12,2020-03-21 20:20:05
419,"RT @O__rust: Anyone who remains a $tsla worker despite being treated like a serf must be desperate, demoralized and living paycheck to payc‚Ä¶",1,0,2020-03-21 20:20:05
420,RT @Sandro_power: Are you serious for success in the markets? I am so sure I can help you succeed following my rules in the markets as I ha‚Ä¶,42,0,2020-03-21 20:19:54
421,RT @BradMunchen: Imagine what kind of drugs @elonmusk will need to sedate himself if $TSLA is not one of the US carmakers chosen by @realDo‚Ä¶,1,0,2020-03-21 20:19:44
422,"RT @freshjiva: After the last equity raise, $TSLA has the highest liquidity of all automaker balance sheets in the world. Even better than‚Ä¶",44,0,2020-03-21 20:19:33
423,RT @AlmingtonCap: Even the most troglodytic knuckle-dragging financial planner will usually have the good sense to advise clients to aim to‚Ä¶,10,0,2020-03-21 20:19:20
424,#RT @Sandro_power: Are you serious for success in the markets? I am so sure I can help you succeed following my rul‚Ä¶ https://t.co/vPS1pn0bU2,1,0,2020-03-21 20:18:26
425,$spy $aapl $DJIA $tsla Nigeria Has Chloroquine Poisonings After Trump Praised Drug  https://t.co/XoURq1Q1Lr,0,0,2020-03-21 20:18:03
426,"Anyone who remains a $tsla worker despite being treated like a serf must be desperate, demoralized and living paych‚Ä¶ https://t.co/HsceKYlfe3",1,2,2020-03-21 20:16:26
427,$TSLA 1H Chart 2/25 at https://t.co/9nKozhPrGz Looking for further correction #elliottwave #trading https://t.co/hJQMFv4Vtl,0,0,2020-03-21 20:15:00
428,As a $TSLA shareholder I approve and encourage this behavior https://t.co/sNi8vPxB5G,5,38,2020-03-21 20:14:13
429,RT @Sandro_power: Are you serious for success in the markets? I am so sure I can help you succeed following my rules in the markets as I ha‚Ä¶,42,0,2020-03-21 20:14:03
430,Imagine what kind of drugs @elonmusk will need to sedate himself if $TSLA is not one of the US carmakers chosen by‚Ä¶ https://t.co/Uk2FLK3Spp,1,58,2020-03-21 20:13:54
431,"RT @freshjiva: After the last equity raise, $TSLA has the highest liquidity of all automaker balance sheets in the world. Even better than‚Ä¶",44,0,2020-03-21 20:13:29
432,@JMVala_Trades That monthly looking very strong support area-ish Lol $TSLA,0,1,2020-03-21 20:12:44
433,"Making Money During COVID - 19

$SPY $TSLA $BLPH $WMT $FB $ES $SPX $TWTR $AMD $NVDA $GILD $MU $DIS $INO $SPCE $BA‚Ä¶ https://t.co/kfBHcmFmHr",0,6,2020-03-21 20:11:50
434,RT @Yeomen23: @BradMunchen @notabigdeal111 @elonmusk Also. Can you imagine the $TSLA employees reaction that the Pana side is getting paid‚Ä¶,1,0,2020-03-21 20:11:34
435,RT @AlmingtonCap: What an absolute scumbag. $TSLA $TSLAQ https://t.co/b9uRopJ06l,14,0,2020-03-21 20:11:27
436,If you factor in vampire drain my V8 Mercedes is getting better MPG than any $tsla right now.  $tslaq,0,4,2020-03-21 20:10:55
437,"Drifting in a @Tesla #ModelY 
Coming around the corner like a banshee!!
$TSLA https://t.co/KNyQiNuin8",0,2,2020-03-21 20:09:59
438,RT @TeslaNY: ‚ÄúWe have 250k N95 masks. Aiming to start distributing those to hospitals tomorrow night. Should have over 1000 ventilators by‚Ä¶,53,0,2020-03-21 20:09:37
439,RT @Junheng_Li: @BradMunchen There has been rising complaints re actual mileage for MIC $TSLA cars.  Those are discussions from tsla buyer‚Ä¶,17,0,2020-03-21 20:09:06
440,"So, what happens this week with $TSLA stock, as 2-3M people ask for unemployment? #Tesla",0,21,2020-03-21 20:07:56
441,@BradMunchen @notabigdeal111 @elonmusk Also. Can you imagine the $TSLA employees reaction that the Pana side is get‚Ä¶ https://t.co/TYJDKc8kUV,1,8,2020-03-21 20:07:48
442,RT @Sandro_power: Are you serious for success in the markets? I am so sure I can help you succeed following my rules in the markets as I ha‚Ä¶,42,0,2020-03-21 20:06:13
443,@realwillmeade They (MM's mostly....) did the same thing in '87 &amp; flash crash '10. Have seen it in $TSLA at various‚Ä¶ https://t.co/3Bamt12Mu5,0,0,2020-03-21 20:05:50
444,RT @Junheng_Li: @BradMunchen There has been rising complaints re actual mileage for MIC $TSLA cars.  Those are discussions from tsla buyer‚Ä¶,17,0,2020-03-21 20:04:44
445,"RT @CheddarFlow: Some top bearish flow we caught yesterday
$TSLA $IWM $HYG $AAPL $NVDA $FB 

#stocks #optionsflow #options https://t.co/al1‚Ä¶",2,0,2020-03-21 20:03:09
446,RT @DowdEdward: I thought Twitter had a new policy of making people delete tweets that minimize the #Coronavirus...apparently if the CEO of‚Ä¶,16,0,2020-03-21 20:02:48
447,RT @CVCResearch: @TennHedge I will buy a surplus $tsla ventilator,1,0,2020-03-21 20:02:10
448,"RT @Tezzla_counsel: It's because he knows that another few months of this, and his entire house of cards collapses. People talk about bailo‚Ä¶",5,0,2020-03-21 20:00:39
449,251 Profit-Packed Option Trades Yearly--Delivered to Your Inbox Daily--FREE! https://t.co/445DL01myx $BABA $GOOGL $TSLA $BIDU,0,0,2020-03-21 20:00:36
450,RT @Junheng_Li: @BradMunchen There has been rising complaints re actual mileage for MIC $TSLA cars.  Those are discussions from tsla buyer‚Ä¶,17,0,2020-03-21 19:59:41
451,RT @Sandro_power: Are you serious for success in the markets? I am so sure I can help you succeed following my rules in the markets as I ha‚Ä¶,42,0,2020-03-21 19:59:20
452,RT @AlmingtonCap: Will directly endangering children finally convince people that Elon is an utterly contemptible piece of human garbage? P‚Ä¶,7,0,2020-03-21 19:58:53
453,RT @Sandro_power: Are you serious for success in the markets? I am so sure I can help you succeed following my rules in the markets as I ha‚Ä¶,42,0,2020-03-21 19:58:39
454,"RT @fly4dat: Just bullshitting a lot on Twitter about whatever catastrophe I can gain some PR with. Very impressive platform!

$TSLA $TSLAQ‚Ä¶",8,0,2020-03-21 19:57:34
455,"RT @Tezzla_counsel: It's because he knows that another few months of this, and his entire house of cards collapses. People talk about bailo‚Ä¶",5,0,2020-03-21 19:55:34
456,@elonmusk @RiccitelliDylan @ColdBuschLights @PPathole @NateSilver538 Ummm idk going bankrupt due to fraud or going‚Ä¶ https://t.co/1FC55RRKob,0,10,2020-03-21 19:55:17
457,RT @Junheng_Li: @BradMunchen There has been rising complaints re actual mileage for MIC $TSLA cars.  Those are discussions from tsla buyer‚Ä¶,17,0,2020-03-21 19:54:43
458,"@Keubiko Just remembered my old pals at $DB have the ABL just beautiful for my pair trade; 
$DB puts &amp; $TSLA puts 
2 üç© made for each other.",0,0,2020-03-21 19:52:43
459,RT @Sandro_power: Are you serious for success in the markets? I am so sure I can help you succeed following my rules in the markets as I ha‚Ä¶,42,0,2020-03-21 19:52:20
460,@TennHedge I will buy a surplus $tsla ventilator,1,2,2020-03-21 19:52:04
461,"RT @TraderJill77: $F $GM and $TSLA all standing by to make ventilators if the US needs them.

There are many examples of worry and fear, bu‚Ä¶",5,0,2020-03-21 19:51:32
462,#Elon is treating $TSLA &amp; #SpaceX workers like modern-day emerald miners. But it's not just those workers he's enda‚Ä¶ https://t.co/nVgCwTUlxX,0,0,2020-03-21 19:51:31
463,@russ1mitchell Hey but you do that with all things $tsla! What gives?,1,3,2020-03-21 19:51:30
464,Just bullshitting a lot on Twitter about whatever catastrophe I can gain some PR with. Very impressive platform!‚Ä¶ https://t.co/m3BEeKKj5y,8,48,2020-03-21 19:51:24
465,"Um, there may be other problems $TSLA is facing in China besides the sales lull due to CV19. 
$TSLAQ https://t.co/VTyLD4zXRL",4,32,2020-03-21 19:51:22
466,RT @Junheng_Li: @BradMunchen There has been rising complaints re actual mileage for MIC $TSLA cars.  Those are discussions from tsla buyer‚Ä¶,17,0,2020-03-21 19:49:42
467,RT @Junheng_Li: @BradMunchen There has been rising complaints re actual mileage for MIC $TSLA cars.  Those are discussions from tsla buyer‚Ä¶,17,0,2020-03-21 19:49:26
468,RT @Sandro_power: Are you serious for success in the markets? I am so sure I can help you succeed following my rules in the markets as I ha‚Ä¶,42,0,2020-03-21 19:48:51
469,RT @Sandro_power: Are you serious for success in the markets? I am so sure I can help you succeed following my rules in the markets as I ha‚Ä¶,42,0,2020-03-21 19:48:45
470,"Bulls And Bears Of The Week: Amazon, Boeing, Coca-Cola And More $AMZN $BA $CCL $TSLA $NKE $KO https://t.co/rIInRU5cRg",1,4,2020-03-21 19:48:35
471,"RT @damphouse: Whenever I have doubts about investing in $TSLA I do two things...

1. Drive my car.
2. Ask myself who else would you rather‚Ä¶",14,0,2020-03-21 19:47:44
472,@Sandro_power $tsla has been easy. $aapl will be again soon üëçüèΩ,0,0,2020-03-21 19:46:43
473,RT @AlmingtonCap: Even the most troglodytic knuckle-dragging financial planner will usually have the good sense to advise clients to aim to‚Ä¶,10,0,2020-03-21 19:46:42
474,RT @Sandro_power: Are you serious for success in the markets? I am so sure I can help you succeed following my rules in the markets as I ha‚Ä¶,42,0,2020-03-21 19:46:21
475,RT @Sandro_power: Are you serious for success in the markets? I am so sure I can help you succeed following my rules in the markets as I ha‚Ä¶,42,0,2020-03-21 19:45:52
476,"Good afternoon everyone!

If anyone has any chart requests or questions about trading/trading psychology or about s‚Ä¶ https://t.co/GSOmcITK4N",0,22,2020-03-21 19:45:00
477,"RT @OphirGottlieb: $TSLA Tesla Powerwall becomes extremely hard to get, demand increase due to home battery pack incentive https://t.co/vfn‚Ä¶",1,0,2020-03-21 19:43:27
478,"@HedgerAlpha Plenty of them, lets be honest they still buy $TSLA shares",0,1,2020-03-21 19:43:26
479,RT @AlmingtonCap: Even the most troglodytic knuckle-dragging financial planner will usually have the good sense to advise clients to aim to‚Ä¶,10,0,2020-03-21 19:42:38
480,RT @Sandro_power: Are you serious for success in the markets? I am so sure I can help you succeed following my rules in the markets as I ha‚Ä¶,42,0,2020-03-21 19:42:34
481,RT @Sandro_power: Are you serious for success in the markets? I am so sure I can help you succeed following my rules in the markets as I ha‚Ä¶,42,0,2020-03-21 19:42:34
482,"""What competition?"" Norwayüá≥üá¥ edition, vol Mar #3

SuX down to ~4%, unlikely to change. E-Tron is killing it

M3 had‚Ä¶ https://t.co/T4uCi724eI",4,25,2020-03-21 19:42:31
483,RT @Sandro_power: Are you serious for success in the markets? I am so sure I can help you succeed following my rules in the markets as I ha‚Ä¶,42,0,2020-03-21 19:42:26
484,Are you serious for success in the markets? I am so sure I can help you succeed following my rules in the markets a‚Ä¶ https://t.co/Z7M4qbujct,42,44,2020-03-21 19:42:19
485,RT @FUDlife420: https://t.co/sulPkNDyc0's Alexa rank tanked starting on Feb 21. It has plateaued since then but there has been no recovery.‚Ä¶,4,0,2020-03-21 19:41:32
486,Ditto our lord and savior Elon Musk...go check his timeline...not exactly adhering to policy would be an understate‚Ä¶ https://t.co/7KqHoXD3AO,0,6,2020-03-21 19:40:50
487,RT @Junheng_Li: @BradMunchen There has been rising complaints re actual mileage for MIC $TSLA cars.  Those are discussions from tsla buyer‚Ä¶,17,0,2020-03-21 19:39:50
488,@BradMunchen There has been rising complaints re actual mileage for MIC $TSLA cars.  Those are discussions from tsl‚Ä¶ https://t.co/cFyEjF5IYE,17,45,2020-03-21 19:38:35
489,"RT @dmackdaddy: Elon Musk: Should Have 1000 Ventilators Next Week, + 250,000 N95 Masks For Hospitals Tomorrow ‚Äî CleanTechnica Exclusive htt‚Ä¶",1,0,2020-03-21 19:37:46
490,Stock Market CRASH It's Not All Bad News $TSLA - TSLA FTW https://t.co/anaU0CZudI via @YouTube,0,0,2020-03-21 19:37:42
491,"Elon Musk: Should Have 1000 Ventilators Next Week, + 250,000 N95 Masks For Hospitals Tomorrow ‚Äî CleanTechnica Exclu‚Ä¶ https://t.co/5z27RXE3jG",1,0,2020-03-21 19:36:37
492,"Who wants some charts tonight?!

$spx $spy $iwm $qqq $work $roku $tlt $tsla $uber $aapl $amzn $amd $shop $sbux $dis‚Ä¶ https://t.co/OiDSCGsUa9",1,4,2020-03-21 19:35:54
493,"RT @FUDlife420: #TeslaPaintIssues #TeslaUKIssues $tsla $tslaq
3-month old Model 3 LR with 6k miles:
""Is my wheel arch paint normal?""

""Norm‚Ä¶",3,0,2020-03-21 19:35:45
494,RT @KingPickleRick1: $TSLA $TSLA $BA $SPY RETWEET TO SAVE A LIFE. PEOPLE SHOULD INGORE THE CHARLATAN THAT IS @elonmusk AND HIS HOARDE OF TO‚Ä¶,19,0,2020-03-21 19:35:21
495,RT @AlmingtonCap: Even the most troglodytic knuckle-dragging financial planner will usually have the good sense to advise clients to aim to‚Ä¶,10,0,2020-03-21 19:35:19
496,@pch_25 It‚Äôs Long term debt.They have New models in the Pipeline for 2021. Ford and GM have sign up to produce vent‚Ä¶ https://t.co/4daYNRyIk7,0,0,2020-03-21 19:34:26
497,RT @SamTalksTesla: UK to ban all ICE cars from 2035! üôå Many others will follow. #Tesla have proven 100% that EV cars are globally viable &amp;‚Ä¶,1072,0,2020-03-21 19:33:31
498,"RT @OMillionaires: Some performances since Feb 19th(21 trading sessions):

$FB -31.3%
$AAPL -28.1%
$NFLX -14.1%
$AMZN -14.4%
$MSFT -26.4%
$‚Ä¶",209,0,2020-03-21 19:32:29
499,"NEW VIDEO: The Stock Market Crash Update #4: When Will the Stock Market Recover + Should I Buy Stocks Now?
$SPY‚Ä¶ https://t.co/PBJbBhkRPf",0,0,2020-03-21 19:31:53
